Unnamed: 0,material_id,reduced_formula,space_group,chemical_system,num_sites,energy_above_hull,dft_band_gap,dft_bulk_modulus,dft_mag_density,hhi_score,ml_bulk_modulus,mean_h_affinity,best_site_h_affinity,frac_thermoneutral_sites,d_band_proxy,valence_electron_conc,carbon_fraction,mean_co_affinity,best_site_co_affinity,frac_co_selective_sites,mean_cooh_affinity,co2rr_selectivity,metal_mixing_entropy,n_metal_species,expensive_metal_fraction,metal_cn_mean,mc_coordination,metal_packing_density,metal_percolation_dim
3431,alex<agm003296587>,Cr3C,Cmcm,C-Cr,8,0.0461945889120372,,,-5.505275680435898e-06,3842.6263251566975,311.8741760253906,-0.05,-0.05,1.0,-1.1,5.5,0.25,-0.4000000000000001,-0.4,0.0,0.0,-0.05,0.0,1,0.0,14.333333333333334,2.6666666666666665,0.0760047263248629,3.0
3434,alex<agm003203538>,Cr2C,Pnnm,C-Cr,6,0.0037862015000005,,,0.0008034883251411,3727.263456344626,254.5624847412109,-0.05,-0.05,1.0,-1.1,5.333333333333333,0.3333333333333333,-0.4,-0.4,0.0,0.0,-0.05,0.0,1,0.0,15.0,3.0,0.067782613769227,3.0
3430,mp-1189286,Cr3C,Pnma,C-Cr,16,0.0134918120370368,0.0,,-1.676577986882206e-07,3842.6263251566975,306.4666442871094,-0.05,-0.05,1.0,-1.1,5.5,0.25,-0.4000000000000001,-0.4,0.0,0.0,-0.05,0.0,1,0.0,14.333333333333334,2.6666666666666665,0.0767898314602537,3.0
3435,alex<agm002139963>,Cr2C,Pbcn,C-Cr,12,0.0136100306666673,,,6.201766205776542e-06,3727.263456344626,249.32711791992188,-0.05,-0.05,1.0,-1.1,5.333333333333333,0.3333333333333333,-0.4,-0.4,0.0,0.0,-0.05,0.0,1,0.0,15.0,3.0,0.0676402584819824,3.0
3437,mp-570112,Cr3C2,Cmcm,C-Cr,10,0.029720632,0.0,308.9134033829652,,3619.597888336017,310.484130859375,-0.05,-0.05,1.0,-1.1,5.2,0.4,-0.4000000000000001,-0.4,0.0,0.0,-0.05,0.0,1,0.0,16.0,4.666666666666667,0.0668423313125104,3.0
3438,alex<agm005217812>,Cr3C2,R-3c,C-Cr,10,0.0833191069999994,,,0.0274260190642643,3619.597888336017,275.4093017578125,-0.05,-0.05,1.0,-1.1,5.2,0.4,-0.4000000000000001,-0.4,0.0,0.0,-0.05,0.0,1,0.0,16.0,4.0,0.0634048346457846,3.0
3436,mp-20937,Cr3C2,Pnma,C-Cr,20,0.0,0.0,319.8210813019853,0.0038000142633866,3619.597888336017,346.7807922363281,-0.05,-0.05,1.0,-1.1,5.2,0.4,-0.4000000000000001,-0.4,0.0,0.0,-0.05,0.0,1,0.0,15.0,5.0,0.0681988770760922,3.0
3429,mp-1018050,CrC,P-6m2,C-Cr,2,0.0799137612499976,0.0,341.7788932070904,-1.3284271633075465e-06,3424.469900073117,363.4673156738281,-0.05,-0.05,1.0,-1.1,5.0,0.5,-0.4,-0.4,0.0,0.0,-0.05,0.0,1,0.0,14.0,6.0,0.0601098347104419,
3432,mp-1226378,Cr2C,P-3m1,C-Cr,3,0.0638892181666666,0.0,,-0.0004354766183054,3727.263456344626,246.1881103515625,-0.05,-0.05,1.0,-1.1,5.333333333333333,0.3333333333333333,-0.4,-0.4,0.0,0.0,-0.05,0.0,1,0.0,15.0,3.0,0.0675603552256633,1.0
4262,mp-1008632,V2C,P-3m1,C-V,3,0.018435784166666,0.0,218.97352766400968,-0.0001097036292117,3094.179484905662,218.5039978027344,-0.1,-0.1,0.0,-1.4,4.666666666666667,0.3333333333333333,-0.45,-0.45,0.0,-0.05,-0.05,0.0,1,0.0,15.0,3.0,0.0608838972415836,0.0
4267,mp-1282,VC,Fm-3m,C-V,2,0.0897535224305574,0.0,306.75864520688685,-6.101656699628433e-08,2846.706707628963,304.4938049316406,-0.1,-0.1,0.0,-1.4,4.5,0.5,-0.45,-0.45,0.0,-0.05,-0.05,0.0,1,0.0,18.0,6.0,0.0554843711146722,
4265,mp-1216471,V4C3,R-3m,C-V,7,0.0892069763690486,0.0,,0.0005641226970947,2964.2455465660487,251.1233367919922,-0.1,-0.1,0.0,-1.4,4.571428571428571,0.4285714285714285,-0.45,-0.45,0.0,-0.05,-0.05,0.0,1,0.0,16.5,4.5,0.0575289066869711,3.0
4264,alex<agm002140648>,V2C,Pnma,C-V,12,0.0,,,0.0005845231082675,3094.179484905662,239.606689453125,-0.1,-0.1,0.0,-1.4,4.666666666666667,0.3333333333333333,-0.45,-0.45,0.0,-0.05,-0.05,0.0,1,0.0,15.0,3.0,0.0608477339947917,3.0
4266,alex<agm003290135>,V4C3,C2/m,C-V,7,0.0873153906547621,,,-5.424611161077e-06,2964.2455465660487,247.58737182617188,-0.1,-0.1,0.0,-1.4,4.571428571428571,0.4285714285714285,-0.45,-0.45,0.0,-0.05,-0.05,0.0,1,0.0,16.5,4.5,0.0565947956357518,2.0
4263,mp-20648,V2C,Pbcn,C-V,12,0.0007290433333331,0.0,244.05539896459453,-1.2694255529119998e-05,3094.179484905662,244.2206268310547,-0.1,-0.1,0.0,-1.4,4.666666666666667,0.3333333333333333,-0.45,-0.45,0.0,-0.05,-0.05,0.0,1,0.0,15.0,3.0,0.0607126467585101,3.0
4269,alex<agm003287927>,V3C2,P2_1/m,C-V,10,0.0777525147083348,,,-4.770752549974211e-06,3006.086089640756,232.21588134765625,-0.1,-0.1,0.0,-1.3999999999999997,4.6,0.4,-0.45,-0.45,0.0,-0.05,-0.05,0.0,1,0.0,16.0,4.0,0.057838988284667,3.0
3433,alex<agm003266885>,Cr2C,P-31m,C-Cr,9,0.0328892614999993,,,0.0004219396286746,3727.263456344626,243.27468872070312,-0.05,-0.05,1.0,-1.1,5.333333333333333,0.3333333333333333,-0.4000000000000001,-0.4,0.0,0.0,-0.05,0.0,1,0.0,15.0,3.0,0.0673809692460608,3.0
4271,alex<agm005217809>,V3C2,R-3c,C-V,10,0.0394169387083351,,,-4.617676183437439e-05,3006.086089640756,233.2952117919922,-0.1,-0.1,0.0,-1.3999999999999997,4.6,0.4,-0.45,-0.45,0.0,-0.05,-0.05,0.0,1,0.0,16.0,4.0,0.0581705622123014,3.0
4272,alex<agm003298269>,V4C,I4_1/amd,C-V,10,0.0969961334999975,,,-2.014022273502347e-06,3238.5783543820994,192.3199157714844,-0.1,-0.1,0.0,-1.4,4.8,0.2,-0.45,-0.45,0.0,-0.05,-0.05,0.0,1,0.0,12.0,2.0,0.0668000755920488,3.0
4270,alex<agm002139649>,V3C2,Cmcm,C-V,10,0.0181906967083342,,,-4.448776820670885e-07,3006.086089640756,260.2289733886719,-0.1,-0.1,0.0,-1.3999999999999997,4.6,0.4,-0.45,-0.45,0.0,-0.05,-0.05,0.0,1,0.0,16.0,4.666666666666667,0.0610816038401619,3.0
4268,alex<agm002139728>,V6C5,C2/m,C-V,11,0.0033650124242434,,,-5.565975962443173e-06,2923.7791647582394,243.1207427978516,-0.1,-0.1,0.0,-1.3999999999999997,4.545454545454546,0.4545454545454545,-0.45,-0.45,0.0,-0.05,-0.05,0.0,1,0.0,17.0,5.0,0.0555117284694255,2.0
4273,alex<agm003288449>,V5C2,C2/c,C-V,14,0.0359113421428549,,,-1.2598160998109657e-06,3150.072346283432,225.1198883056641,-0.1,-0.1,0.0,-1.4,4.714285714285714,0.2857142857142857,-0.45,-0.45,0.0,-0.05,-0.05,0.0,1,0.0,14.4,3.2,0.0665512994993724,3.0
4274,alex<agm003297013>,V3C,Cmcm,C-V,8,0.0367135093749979,,,-9.149504708033612e-05,3188.691796412417,217.0915985107422,-0.1,-0.1,0.0,-1.3999999999999997,4.75,0.25,-0.45,-0.45,0.0,-0.05,-0.05,0.0,1,0.0,14.333333333333334,3.0,0.0689487920191549,3.0
21277,alex<agm002140616>,Ti2C,P-3m1,C-Ti,3,0.0535449974999995,,,-0.0001112917048992,1477.3789337201738,151.43560791015625,-0.25,-0.25,0.0,-1.5,4.0,0.3333333333333333,-0.55,-0.55,0.0,-0.15,-0.1,0.0,1,0.0,15.0,3.0,0.0499626059285082,1.0
21275,alex<agm002140618>,Ti2C,Pnma,C-Ti,12,0.0223298033333332,,,0.0001769619631366,1477.3789337201738,148.20030212402344,-0.25,-0.25,0.0,-1.5,4.0,0.3333333333333333,-0.55,-0.55,0.0,-0.15,-0.1,0.0,1,0.0,14.0,3.0,0.0501936097595231,3.0
21274,mp-10721,Ti2C,Fd-3m,C-Ti,12,0.0,0.0,138.9378923332192,-1.919569207538785e-05,1477.3789337201738,136.90756225585938,-0.25,-0.25,0.0,-1.5,4.0,0.3333333333333333,-0.55,-0.55,0.0,-0.15,-0.1,0.0,1,0.0,12.0,3.0,0.0496301262544432,3.0
21278,mp-1094034,Ti3C2,P6_3/mmc,C-Ti,10,0.0633281733749999,0.0,,,1442.362715245695,171.2082977294922,-0.25,-0.25,0.0,-1.5,4.0,0.4,-0.55,-0.55,0.0,-0.15,-0.1,0.0,1,0.0,14.666666666666666,4.0,0.0483805726035797,3.0
21276,alex<agm002140617>,Ti2C,Pbcn,C-Ti,12,0.0551675558333339,,,-0.0001202416969534,1477.3789337201738,160.72496032714844,-0.25,-0.25,0.0,-1.5,4.0,0.3333333333333333,-0.55,-0.55,0.0,-0.15,-0.1,0.0,1,0.0,15.0,3.0,0.0506736892715883,3.0
21279,alex<agm005217375>,Ti3C2,R-3c,C-Ti,10,0.0956158453749989,,,1.2555205690533838e-07,1442.362715245695,169.95364379882812,-0.25,-0.25,0.0,-1.5,4.0,0.4,-0.55,-0.55,0.0,-0.15,-0.1,0.0,1,0.0,16.0,4.0,0.0498882345731742,3.0
21280,mp-1217090,Ti8C5,R-3m,C-Ti,13,0.0290606250961538,0.0,,,1450.8794226499726,171.5924835205078,-0.25,-0.25,0.0,-1.5,4.0,0.3846153846153846,-0.55,-0.55,0.0,-0.15,-0.1,0.0,1,0.0,15.75,3.75,0.0498398892089659,3.0
21283,alex<agm003290098>,Ti4C3,C2/m,C-Ti,7,0.0838837473214297,,,-6.424187588803842e-07,1425.7789337235456,188.74981689453125,-0.25,-0.25,0.0,-1.5,4.0,0.4285714285714285,-0.55,-0.55,0.0,-0.15,-0.1,0.0,1,0.0,16.5,4.5,0.0493219776102169,2.0
21282,alex<agm002139791>,Ti6C5,C2/m,C-Ti,11,0.0,,,-2.757875690444314e-07,1409.7687437635975,213.76611328125,-0.25,-0.25,0.0,-1.5,4.0,0.4545454545454545,-0.55,-0.55,0.0,-0.15,-0.1,0.0,1,0.0,15.0,5.0,0.0488119591218927,2.0
21281,mp-631,TiC,Fm-3m,C-Ti,2,0.0,0.0,252.64467183325303,-2.179115818298764e-06,1379.354083406677,257.81268310546875,-0.25,-0.25,0.0,-1.5,4.0,0.5,-0.55,-0.55,0.0,-0.15,-0.1,0.0,1,0.0,18.0,6.0,0.0490791848975796,
33831,mp-1086,TaC,Fm-3m,C-Ta,2,0.0,0.0,323.9362332158224,-8.525057502271965e-06,4532.346651804755,302.8522033691406,-0.15,-0.15,0.0,-1.1,4.5,0.5,-0.45,-0.45,0.0,-0.05,-0.0999999999999999,0.0,1,0.0,18.0,6.0,0.0444244790497973,
33832,mp-1218000,Ta4C3,R3m,C-Ta,7,0.060351112857143,0.0,,3.8628828939180773e-07,4596.0868471027525,277.66845703125,-0.15,-0.15,0.0,-1.1,4.571428571428571,0.4285714285714285,-0.45,-0.45,0.0,-0.05,-0.0999999999999999,0.0,1,0.0,15.0,4.5,0.0458502420683991,3.0
33834,alex<agm003271690>,Ta3C2,R-3m,C-Ta,5,0.0031896929999994,,,-0.0001421239703044,4617.783753254567,269.29791259765625,-0.15,-0.15,0.0,-1.1,4.6,0.4,-0.45,-0.45,0.0,-0.05,-0.0999999999999999,0.0,1,0.0,16.0,4.0,0.0465146523949792,1.0
33836,alex<agm003203094>,Ta2C,Pnnm,C-Ta,6,0.032764888333336,,,-4.832904678295395e-07,4661.874518027852,256.6973876953125,-0.15,-0.15,0.0,-1.1,4.666666666666667,0.3333333333333333,-0.45,-0.45,0.0,-0.05,-0.0999999999999999,0.0,1,0.0,15.0,3.0,0.0477323918843989,3.0
33835,alex<agm003268250>,Ta2C,P-31m,C-Ta,9,0.0424666622222229,,,2.444301327205229e-05,4661.874518027852,253.0672302246093,-0.15,-0.15,0.0,-1.1,4.666666666666667,0.3333333333333333,-0.45,-0.45,0.0,-0.05,-0.0999999999999999,0.0,1,0.0,15.0,3.0,0.0476626843680118,3.0
33838,alex<agm003163148>,Ta3C,R-3m,C-Ta,4,0.0929609674999998,,,9.341950838996985e-08,4706.919697158716,249.99801635742188,-0.15,-0.15,0.0,-1.1,4.75,0.25,-0.45,-0.45,0.0,-0.05,-0.0999999999999999,0.0,1,0.0,14.0,2.0,0.049168162355877,1.0
33833,mp-1218120,Ta3C2,P-3m1,C-Ta,20,0.0215980714999997,0.0,,,4617.783753254567,270.00299072265625,-0.15,-0.15,0.0,-1.1,4.6,0.4,-0.45,-0.45,0.0,-0.05,-0.0999999999999999,0.0,1,0.0,15.0,4.0,0.0463832570745156,3.0
33837,alex<agm002140607>,Ta2C,Pnma,C-Ta,12,0.0023824483333338,,,7.744429929606578e-08,4661.874518027852,261.26519775390625,-0.15,-0.15,0.0,-1.1,4.666666666666667,0.3333333333333333,-0.45,-0.45,0.0,-0.05,-0.0999999999999999,0.0,1,0.0,15.0,3.0,0.0476580303360404,3.0
33839,alex<agm002139790>,Ta6C5,C2/m,C-Ta,11,0.0,,,-3.353074197593304e-07,4574.617387713127,273.31298828125,-0.15,-0.15,0.0,-1.1,4.545454545454546,0.4545454545454545,-0.45,-0.45,0.0,-0.05,-0.0999999999999999,0.0,1,0.0,13.0,5.0,0.0449072437216452,2.0
113238,mp-1215222,ZrNbC2,R-3m,C-Nb-Zr,4,0.0,0.0,,8.069084082604665e-05,5124.9585470756,248.5050201416016,-0.2249999999999999,-0.15,0.0,-1.35,4.25,0.5,-0.525,-0.45,0.0,-0.125,-0.0999999999999999,0.6931471805599453,2,0.0,6.0,6.0,0.0409452707473356,
113240,alex<agm001414257>,ZrNbC,P3m1,C-Nb-Zr,3,0.0961927444444441,,,0.0133545679187758,5408.167906488534,170.87635803222656,-0.2249999999999999,-0.15,0.0,-1.35,4.333333333333333,0.3333333333333333,-0.525,-0.45,0.0,-0.125,-0.0999999999999999,0.6931471805599453,2,0.0,6.0,3.0,0.0426126157415813,2.0
113239,mp-1215480,Zr3NbC4,R-3m,C-Nb-Zr,8,0.0026242212500005,0.0,,,3745.9368187606815,236.2955474853516,-0.2624999999999999,-0.15,0.0,-1.425,4.125,0.5,-0.5625,-0.45,0.0,-0.1625,-0.0999999999999999,0.5623351446188083,2,0.0,6.0,6.0,0.0393488928706481,
113241,alex<agm003305487>,Zr2Nb2C3,C2/m,C-Nb-Zr,7,0.0,,,8.802234042290713e-05,5262.356446265215,195.9348297119141,-0.2249999999999999,-0.15,0.0,-1.35,4.285714285714286,0.4285714285714285,-0.525,-0.45,0.0,-0.125,-0.0999999999999999,0.6931471805599453,2,0.0,8.5,4.5,0.0409539572964965,2.0
113797,mp-1215182,ZrTiC2,R-3m,C-Ti-Zr,4,0.0634885174999997,0.0,,1.0241927316833094e-05,1997.2748852938216,217.5446929931641,-0.275,-0.25,0.0,-1.5,4.0,0.5,-0.575,-0.55,0.0,-0.175,-0.1,0.6931471805599453,2,0.0,6.0,6.0,0.0427102921948002,
113799,alex<agm003607440>,ZrTiC,Pmmn,C-Ti-Zr,6,0.0491712662499992,,,0.0010459222139298,2116.289558621776,137.72462463378906,-0.275,-0.25,0.0,-1.5,4.0,0.3333333333333333,-0.575,-0.55,0.0,-0.175,-0.1,0.6931471805599453,2,0.0,6.0,3.0,0.0432289023966916,2.0
113798,alex<agm003658289>,Zr5TiC4,C2/m,C-Ti-Zr,10,0.0870759862499976,,,9.351893133973456e-05,2330.5274461632325,157.1087646484375,-0.2916666666666667,-0.25,0.0,-1.5,4.0,0.4,-0.5916666666666667,-0.55,0.0,-0.1916666666666666,-0.1,0.4505612088663046,2,0.0,6.0,4.0,0.039607645228045,2.0
113409,mp-1215237,ZrNb2VC4,R3m,C-Nb-V-Zr,8,0.0853186223263868,0.0,,0.0004832078378224,5503.8331842370735,272.00506591796875,-0.175,-0.1,0.0,-1.325,4.375,0.5,-0.4875,-0.45,0.0,-0.0875,-0.0874999999999999,1.039720770839918,3,0.0,16.5,6.0,0.0445064361829634,1.0
113242,alex<agm003673753>,Zr5NbC5,C2/m,C-Nb-Zr,11,0.0608952590909073,,,0.0001198879201811,3338.666997176133,190.5218963623047,-0.2749999999999999,-0.15,0.0,-1.45,4.090909090909091,0.4545454545454545,-0.5750000000000001,-0.45,0.0,-0.175,-0.0999999999999999,0.4505612088663046,2,0.0,5.666666666666667,5.0,0.0389710435373131,1.0
113800,alex<agm001003626>,ZrTiC,C2/m,C-Ti-Zr,6,0.0402777062500003,,,8.518375235411297e-05,2116.289558621776,126.19891357421876,-0.275,-0.25,0.0,-1.5,4.0,0.3333333333333333,-0.575,-0.55,0.0,-0.175,-0.1,0.6931471805599453,2,0.0,8.0,3.0,0.0434550011431009,2.0
113801,alex<agm003304312>,Zr2Ti2C3,C2/m,C-Ti-Zr,7,0.0083758903571435,,,-7.307133447426773e-06,2054.507579386157,171.560546875,-0.275,-0.25,0.0,-1.5,4.0,0.4285714285714285,-0.575,-0.55,0.0,-0.175,-0.1,0.6931471805599453,2,0.0,8.5,4.5,0.0423356515302708,2.0
114043,mp-1215534,Zr2NbMoC4,R3m,C-Mo-Nb-Zr,8,0.0856772151562506,0.0,,4.9592568797542265e-05,4350.78125912899,260.7021484375,-0.1875,0.0,0.3333333333333333,-1.2,4.375,0.5,-0.4875,-0.3,0.0,-0.0875,-0.1,1.039720770839918,3,0.0,7.5,6.0,0.0417938412379888,0.0
114282,mp-1215364,Zr4WC5,R-3m,C-W-Zr,10,0.0530129020000043,0.0,,,2906.207071574001,243.1759033203125,-0.2299999999999999,0.05,0.5,-1.3,4.2,0.5,-0.52,-0.2,0.0,-0.13,-0.0999999999999999,0.5004024235381879,2,0.0,6.0,6.0,0.0398222550545171,
114283,alex<agm002258306>,Zr2W2C3,C2/m,C-W-Zr,7,0.0057445371428581,,,0.0001938690441623,3537.2671220712564,219.84559631347656,-0.125,0.05,0.5,-1.0,4.571428571428571,0.4285714285714285,-0.4,-0.2,0.0,-0.025,-0.0999999999999999,0.6931471805599453,2,0.0,8.5,4.5,0.0428626956396746,1.0
114435,mp-1215358,Zr4MoC5,R-3m,C-Mo-Zr,10,0.0504841271250029,0.0,,5.9006039590564216e-05,2855.189728339696,237.124740600586,-0.24,0.0,0.5,-1.3199999999999998,4.2,0.5,-0.5399999999999999,-0.3,0.0,-0.14,-0.0999999999999999,0.5004024235381879,2,0.0,6.0,6.0,0.0398205152967737,
114436,alex<agm002202086>,Zr2Mo2C3,C2/m,C-Mo-Zr,7,0.0,,,0.0001112653417605,3678.098455478493,208.737548828125,-0.15,0.0,0.5,-1.05,4.571428571428571,0.4285714285714285,-0.4499999999999999,-0.3,0.0,-0.05,-0.0999999999999999,0.6931471805599453,2,0.0,8.5,4.5,0.0428863203976953,2.0
115209,mp-1215219,ZrTaC2,R-3m,C-Ta-Zr,4,0.0,0.0,,0.0001690445747087,3773.694406571277,243.55157470703125,-0.2249999999999999,-0.15,0.0,-1.3,4.25,0.5,-0.525,-0.45,0.0,-0.125,-0.0999999999999999,0.6931471805599453,2,0.0,6.0,6.0,0.0412766957824345,
115210,alex<agm003179777>,ZrTaC2,P4/mmm,C-Ta-Zr,4,0.0485626200000002,,,3.330731862445599e-05,3773.694406571277,248.1042633056641,-0.2249999999999999,-0.15,0.0,-1.3,4.25,0.5,-0.525,-0.45,0.0,-0.125,-0.0999999999999999,0.6931471805599453,2,0.0,6.0,6.0,0.0412857993485664,
115211,alex<agm003160104>,ZrTaC,P3m1,C-Ta-Zr,3,0.0889974258333321,,,0.0131644893546503,3912.053912664176,181.3389129638672,-0.2249999999999999,-0.15,0.0,-1.3,4.333333333333333,0.3333333333333333,-0.525,-0.45,0.0,-0.125,-0.0999999999999999,0.6931471805599453,2,0.0,6.0,3.0,0.0431472577456578,1.0
115212,alex<agm003602828>,ZrTaC,Pmmn,C-Ta-Zr,6,0.0813423024999995,,,3.296414034638565e-05,3912.053912664176,178.08506774902344,-0.2249999999999999,-0.15,0.0,-1.3,4.333333333333333,0.3333333333333333,-0.525,-0.45,0.0,-0.125,-0.0999999999999999,0.6931471805599453,2,0.0,6.0,3.0,0.0422806905875379,2.0
115213,alex<agm001041638>,ZrTaC,C2/m,C-Ta-Zr,6,0.0686347558333331,,,-9.733338840160957e-06,3912.053912664176,174.32479858398438,-0.2249999999999999,-0.15,0.0,-1.3,4.333333333333333,0.3333333333333333,-0.525,-0.45,0.0,-0.125,-0.0999999999999999,0.6931471805599453,2,0.0,9.0,3.0,0.0427651091683173,2.0
115214,alex<agm003173081>,ZrTa2C,Cmmm,C-Ta-Zr,4,0.0575101468749998,,,2.143677703246105e-05,4257.488099145345,187.94415283203125,-0.1999999999999999,-0.15,0.0,-1.2333333333333334,4.5,0.25,-0.5,-0.45,0.0,-0.1,-0.0999999999999999,0.6365141682948128,2,0.0,6.0,2.0,0.0455487860524735,1.0
115215,alex<agm003305484>,Zr2Ta2C3,C2/m,C-Ta-Zr,7,0.0,,,8.496065132145733e-05,3841.442505896093,212.10794067382807,-0.2249999999999999,-0.15,0.0,-1.3,4.285714285714286,0.4285714285714285,-0.525,-0.45,0.0,-0.125,-0.0999999999999999,0.6931471805599453,2,0.0,8.5,4.5,0.0414235083168313,2.0
115781,mp-1217822,TaVC2,R-3m,C-Ta-V,4,0.0729046737152785,0.0,,-1.5783151979225215e-06,4117.691423550036,300.9601135253906,-0.125,-0.1,0.0,-1.25,4.5,0.5,-0.45,-0.45,0.0,-0.05,-0.075,0.6931471805599453,2,0.0,18.0,6.0,0.0490159999087317,3.0
115780,mp-1217976,Ta2VC2,R-3m,C-Ta-V,5,0.0675652260000028,0.0,,-4.097056471228795e-05,4400.305233733949,266.29400634765625,-0.1333333333333333,-0.1,0.0,-1.2,4.6,0.4,-0.45,-0.45,0.0,-0.05,-0.0833333333333333,0.6365141682948128,2,0.0,16.0,4.0,0.0498082032950159,3.0
115410,mp-1215263,ZrB2Mo3C2,Amm2,B-C-Mo-Zr,8,0.0491464376562493,0.0,,-8.657413174988848e-06,4280.520448687669,275.8549194335937,-0.075,0.0,0.5,-0.825,4.5,0.25,-0.375,-0.3,0.0,0.025,-0.1,0.5623351446188083,2,0.0,17.5,3.0,0.0448280293809564,3.0
115784,alex<agm003407172>,Ta(VC)2,R-3m,C-Ta-V,5,0.0591752714583329,,,-3.5655071377924326e-05,3998.545241378034,223.7867889404297,-0.1166666666666666,-0.1,0.0,-1.3,4.6,0.4,-0.45,-0.45,0.0,-0.05,-0.0666666666666666,0.6365141682948128,2,0.0,16.0,4.0,0.053381182819547,3.0
115786,alex<agm001414238>,TaVC,P3m1,C-Ta-V,3,0.0550061737499998,,,-8.305433634848392e-05,4295.842272786463,219.74737548828125,-0.125,-0.1,0.0,-1.25,4.666666666666667,0.3333333333333333,-0.45,-0.45,0.0,-0.05,-0.075,0.6931471805599453,2,0.0,15.0,3.0,0.0530970057933101,1.0
115782,alex<agm003305482>,Ta2V2C3,C2/m,C-Ta-V,7,0.0,,,0.0001839593658578,4204.626322045104,249.7730407714844,-0.125,-0.1,0.0,-1.25,4.571428571428571,0.4285714285714285,-0.45,-0.45,0.0,-0.05,-0.075,0.6931471805599453,2,0.0,16.0,4.5,0.0499082640324702,3.0
115783,alex<agm003622443>,TaV2C,Cmcm,C-Ta-V,8,0.0609839504166664,,,-5.386611851945408e-06,4141.062376615945,230.5177001953125,-0.1166666666666666,-0.1,0.0,-1.3,4.75,0.25,-0.45,-0.45,0.0,-0.05,-0.0666666666666666,0.6365141682948128,2,0.0,14.333333333333334,3.0,0.0626836134547483,3.0
116291,mp-1217169,Ti4CrC5,R-3m,C-Cr-Ti,10,0.0557220862500003,0.0,,0.0013943693073922,1810.634902226428,273.4129333496094,-0.21,-0.05,0.5,-1.42,4.2,0.5,-0.52,-0.4,0.0,-0.12,-0.09,0.5004024235381879,2,0.0,18.0,6.0,0.0511280128799251,3.0
115785,alex<agm003725338>,TaV3C,Pnma,C-Ta-V,20,0.0490176464166651,,,-4.788147508709085e-07,4031.887488537612,222.0056610107422,-0.1125,-0.1,0.0,-1.3249999999999995,4.8,0.2,-0.45,-0.45,0.0,-0.05,-0.0625,0.5623351446188083,2,0.0,13.25,2.25,0.0648141794315567,3.0
116292,alex<agm002139648>,TiCrC2,P6_3/mmc,C-Cr-Ti,8,0.0537755593749995,,,-0.0001507244355763,2435.994091270498,264.4615783691406,-0.15,-0.05,0.5,-1.3,4.5,0.5,-0.475,-0.4,0.0,-0.075,-0.075,0.6931471805599453,2,0.0,18.0,6.0,0.0543136437919707,3.0
116874,mp-1216690,TiWC2,R-3m,C-Ti-W,4,0.0660419149999995,0.0,,3.996052923056004e-07,3437.6702001029216,311.911376953125,-0.1,0.05,0.5,-1.0,4.5,0.5,-0.375,-0.2,0.0,0.0,-0.1,0.6931471805599453,2,0.0,18.0,6.0,0.0484370052240866,3.0
116873,mp-1217115,Ti3WC4,R-3m,C-Ti-W,8,0.0256100850000002,0.0,,-1.059009346288615e-07,2781.198549711066,284.83270263671875,-0.175,0.05,0.5,-1.25,4.25,0.5,-0.4625,-0.2,0.0,-0.0749999999999999,-0.1,0.5623351446188083,2,0.0,18.0,6.0,0.0487497729403366,3.0
116876,alex<agm002258297>,Ti2W2C3,C2/m,C-Ti-W,7,0.0,,,-6.2684072787963006e-09,3508.3154118132065,282.2509765625,-0.1,0.05,0.5,-1.0,4.571428571428571,0.4285714285714285,-0.375,-0.2,0.0,0.0,-0.1,0.6931471805599453,2,0.0,16.0,4.5,0.0501472583044623,2.0
116875,mp-1217128,Ti4WC5,R-3m,C-Ti-W,10,0.0187807000000006,0.0,,-4.943818443719792e-05,2588.39504641545,279.1953125,-0.19,0.05,0.5,-1.3,4.2,0.5,-0.4800000000000001,-0.2,0.0,-0.09,-0.1,0.5004024235381879,2,0.0,18.0,6.0,0.0488056644419231,3.0
116877,alex<agm003672619>,Ti5WC5,C2/m,C-Ti-W,11,0.0444546481818175,,,5.876810485623622e-05,2490.487936866307,233.4229431152344,-0.1999999999999999,0.05,0.5,-1.3333333333333333,4.181818181818182,0.4545454545454545,-0.4916666666666667,-0.2,0.0,-0.0999999999999999,-0.0999999999999999,0.4505612088663046,2,0.0,16.333333333333332,5.0,0.0491071011961789,3.0
116878,alex<agm001003616>,TiWC,P2_1/c,C-Ti-W,12,0.093143150000003,,,7.939922275270279e-07,3582.4421041229257,241.9063262939453,-0.1,0.05,0.5,-1.0,4.666666666666667,0.3333333333333333,-0.375,-0.2,0.0,0.0,-0.1,0.6931471805599453,2,0.0,15.0,3.0,0.0526258312214852,3.0
117201,mp-1216711,TiMoC2,R-3m,C-Mo-Ti,4,0.057695589062499,0.0,,,3557.680940770454,288.1282653808594,-0.125,0.0,0.5,-1.05,4.5,0.5,-0.425,-0.3,0.0,-0.0249999999999999,-0.1,0.6931471805599453,2,0.0,18.0,6.0,0.0486821973797064,3.0
117202,alex<agm005103695>,TiMoC2,R3m,C-Mo-Ti,4,0.0058596465625004,,,2.1228213196825727e-05,3557.680940770454,285.6068115234375,-0.125,0.0,0.5,-1.05,4.5,0.5,-0.425,-0.3,0.0,-0.0249999999999999,-0.1,0.6931471805599453,2,0.0,16.0,6.0,0.0480929163369365,0.0
117203,alex<agm002202079>,Ti2Mo2C3,C2/m,C-Mo-Ti,7,0.0,,,-3.465348955829616e-05,3671.153306033967,253.393783569336,-0.125,0.0,0.5,-1.05,4.571428571428571,0.4285714285714285,-0.425,-0.3,0.0,-0.0249999999999999,-0.1,0.6931471805599453,2,0.0,16.0,4.5,0.0500176661485885,3.0
118018,mp-1216707,TiNbC2,R-3m,C-Nb-Ti,4,3.316195312486059e-05,0.0,,6.396261801489595e-06,5498.80308101992,267.990966796875,-0.2,-0.15,0.0,-1.35,4.25,0.5,-0.5,-0.45,0.0,-0.1,-0.1,0.6931471805599453,2,0.0,18.0,6.0,0.0460991844656212,3.0
118021,alex<agm001259582>,TiNbC,P3m1,C-Nb-Ti,3,0.0755475961111109,,,0.0146054718618626,5891.770228940083,205.2365264892578,-0.2,-0.15,0.0,-1.35,4.333333333333333,0.3333333333333333,-0.5,-0.45,0.0,-0.1,-0.1,0.6931471805599453,2,0.0,15.0,3.0,0.0487723144412301,2.0
117372,mp-1217964,TaB2Mo3C2,Amm2,B-C-Mo-Ta,8,0.00645668296875,0.0,,-3.384811606610028e-05,4761.269084146055,321.1357116699219,-0.0375,0.0,0.5,-0.725,4.625,0.25,-0.3374999999999999,-0.3,0.0,0.0625,-0.1,0.5623351446188083,2,0.0,15.5,3.0,0.0468145860272148,3.0
118019,alex<agm003304309>,Ti2Nb2C3,C2/m,C-Nb-Ti,7,0.004031251190474,,,-1.1168430754801973e-06,5687.855728180395,232.88165283203125,-0.2,-0.15,0.0,-1.35,4.285714285714286,0.4285714285714285,-0.5,-0.45,0.0,-0.1,-0.1,0.6931471805599453,2,0.0,14.0,4.5,0.0469261796683257,2.0
118023,alex<agm001978751>,Ti2NbC,R-3m,C-Nb-Ti,4,0.0965588756249999,,,0.0002248378444809,4867.932402855743,178.57025146484375,-0.2166666666666666,-0.15,0.0,-1.4,4.25,0.25,-0.5166666666666667,-0.45,0.0,-0.1166666666666666,-0.1,0.6365141682948128,2,0.0,14.0,2.0,0.0516595465525243,1.0
118022,alex<agm001003619>,TiNbC,R-3m,C-Nb-Ti,6,0.0587677611111114,,,7.5068076848717e-05,5891.770228940083,185.11941528320312,-0.2,-0.15,0.0,-1.35,4.333333333333333,0.3333333333333333,-0.5,-0.45,0.0,-0.1,-0.1,0.6931471805599453,2,0.0,15.0,3.0,0.0481398489097857,3.0
118020,alex<agm003672622>,Ti(NbC)5,C2/m,C-Nb-Ti,11,0.0290356206060575,,,1.5902558635960432e-05,7327.237461140873,255.8015594482422,-0.1666666666666666,-0.15,0.0,-1.25,4.454545454545454,0.4545454545454545,-0.4666666666666666,-0.45,0.0,-0.0666666666666666,-0.0999999999999999,0.4505612088663046,2,0.0,14.333333333333334,5.0,0.0451691686790267,3.0
118298,alex<agm003160103>,TaWC,P3m1,C-Ta-W,3,0.070797370000001,,,-5.413128897303677e-05,4418.984737150548,274.0001525878906,-0.0499999999999999,0.05,0.5,-0.8,5.0,0.3333333333333333,-0.325,-0.2,0.0,0.0499999999999999,-0.0999999999999999,0.6931471805599453,2,0.0,15.0,3.0,0.0500705660435866,0.0
118024,alex<agm005103692>,Ti2NbC,C2/m,C-Nb-Ti,4,0.0727156056249995,,,0.0001606146556718,4867.932402855743,173.87159729003906,-0.2166666666666666,-0.15,0.0,-1.4,4.25,0.25,-0.5166666666666667,-0.45,0.0,-0.1166666666666666,-0.1,0.6365141682948128,2,0.0,12.666666666666666,2.0,0.052153259702095,3.0
118026,alex<agm003658839>,Ti4NbC5,I4/m,C-Nb-Ti,10,0.0,,,2.867389002584765e-09,3350.343456516935,259.9776611328125,-0.2299999999999999,-0.15,0.0,-1.44,4.1,0.5,-0.53,-0.45,0.0,-0.13,-0.0999999999999999,0.5004024235381879,2,0.0,18.0,6.0,0.0477898167597612,3.0
118028,alex<agm003655458>,Ti5NbC4,C2/m,C-Nb-Ti,10,0.0642266155624966,,,-0.0018085767409613,3220.048606807677,192.31239318847656,-0.2333333333333333,-0.15,0.0,-1.45,4.1,0.4,-0.5333333333333333,-0.45,0.0,-0.1333333333333333,-0.0999999999999999,0.4505612088663046,2,0.0,15.333333333333334,4.0,0.0482761523409516,3.0
118297,mp-1218023,Ta4WC5,R-3m,C-Ta-W,10,0.0844036460000019,0.0,,0.000115077916456,4438.157000714963,313.1452941894531,-0.1099999999999999,0.05,0.5,-0.98,4.6,0.5,-0.4,-0.2,0.0,-0.01,-0.0999999999999999,0.5004024235381879,2,0.0,18.0,6.0,0.0450049254621833,3.0
118361,mp-1217924,TaNbC2,R-3m,C-Nb-Ta,4,0.0154900884375024,0.0,,,5700.823853818736,295.9228820800781,-0.15,-0.15,0.0,-1.15,4.5,0.5,-0.45,-0.45,0.0,-0.05,-0.0999999999999999,0.6931471805599453,2,0.0,18.0,6.0,0.0440509298881505,3.0
118362,alex<agm005117799>,TaNbC2,R3m,C-Nb-Ta,4,0.0643338909375028,,,5.817893177552866e-05,5700.823853818736,270.3837585449219,-0.15,-0.15,0.0,-1.15,4.5,0.5,-0.45,-0.45,0.0,-0.05,-0.0999999999999999,0.6931471805599453,2,0.0,16.0,6.0,0.0432734068205111,0.0
118364,alex<agm001414237>,TaNbC,P3m1,C-Nb-Ta,3,0.0063385950000025,,,1.694049481409861e-07,5919.337990917109,237.90382385253903,-0.15,-0.15,0.0,-1.15,4.666666666666667,0.3333333333333333,-0.45,-0.45,0.0,-0.05,-0.0999999999999999,0.6931471805599453,2,0.0,15.0,3.0,0.0470569300895245,0.0
118027,alex<agm003672621>,Ti5NbC5,C2/m,C-Nb-Ti,11,0.0308100957575767,,,-3.8068616547311424e-05,3136.770212244422,224.6058807373047,-0.2333333333333333,-0.15,0.0,-1.45,4.090909090909091,0.4545454545454545,-0.5333333333333333,-0.45,0.0,-0.1333333333333333,-0.0999999999999999,0.4505612088663046,2,0.0,15.666666666666666,5.0,0.047930269516418,3.0
118365,alex<agm003393679>,Ta(NbC)2,R-3m,C-Nb-Ta,5,0.0190167404999996,,,-8.613665149197414e-05,6437.636724553668,248.34669494628903,-0.15,-0.15,0.0,-1.1666666666666667,4.6,0.4,-0.45,-0.45,0.0,-0.05,-0.0999999999999999,0.6365141682948128,2,0.0,16.0,4.0,0.0459370974573571,3.0
118299,alex<agm002330484>,Ta2W2C3,C2/m,C-Ta-W,7,0.0936210999999982,,,-0.0001317520928432,4357.504503676333,315.4565124511719,-0.0499999999999999,0.05,0.5,-0.8,4.857142857142857,0.4285714285714285,-0.325,-0.2,0.0,0.0499999999999999,-0.0999999999999999,0.6931471805599453,2,0.0,16.5,4.5,0.0478815582649265,3.0
118363,alex<agm003604973>,TaNbC,C2/m,C-Nb-Ta,6,0.0058007683333354,,,-4.25929500856031e-07,5919.337990917109,236.55992126464844,-0.15,-0.15,0.0,-1.15,4.666666666666667,0.3333333333333333,-0.45,-0.45,0.0,-0.05,-0.0999999999999999,0.6931471805599453,2,0.0,15.0,3.0,0.0470640332809609,3.0
118366,alex<agm003305481>,Ta2Nb2C3,C2/m,C-Nb-Ta,7,0.0216319228571428,,,-3.621110874855841e-05,5807.832913871918,252.4267425537109,-0.15,-0.15,0.0,-1.15,4.571428571428571,0.4285714285714285,-0.45,-0.45,0.0,-0.05,-0.0999999999999999,0.6931471805599453,2,0.0,14.0,4.5,0.0450583073956103,2.0
118367,alex<agm003658520>,TaNb5C4,C2/m,C-Nb-Ta,10,0.0414340719999994,,,1.4381582371442374e-05,7181.3839774330045,242.7624053955078,-0.15,-0.15,0.0,-1.1833333333333331,4.6,0.4,-0.45,-0.45,0.0,-0.0499999999999999,-0.1,0.4505612088663046,2,0.0,15.333333333333334,4.0,0.0453391625294203,3.0
118025,alex<agm003563032>,Ti5NbC3,C2/m,C-Nb-Ti,18,0.0257529965972249,,,2.301532071236093e-06,3308.759007029232,167.8187255859375,-0.2333333333333333,-0.15,0.0,-1.45,4.111111111111111,0.3333333333333333,-0.5333333333333333,-0.45,0.0,-0.1333333333333333,-0.0999999999999999,0.4505612088663046,2,0.0,14.0,3.0,0.0495841739430422,3.0
119467,mp-1217904,TaTiC2,R-3m,C-Ta-Ti,4,0.0,0.0,,4.822492576035886e-06,3785.642329494802,261.87261962890625,-0.2,-0.15,0.0,-1.3,4.25,0.5,-0.5,-0.45,0.0,-0.1,-0.1,0.6931471805599453,2,0.0,18.0,6.0,0.0465042710757452,3.0
119471,alex<agm001413102>,TaTiC,P3m1,C-Ta-Ti,3,0.0444807637500002,,,0.0133239413835687,3949.507249188396,206.8522491455078,-0.2,-0.15,0.0,-1.3,4.333333333333333,0.3333333333333333,-0.5,-0.45,0.0,-0.1,-0.1,0.6931471805599453,2,0.0,15.0,3.0,0.0492626518475651,1.0
119469,alex<agm003304308>,Ta2Ti2C3,C2/m,C-Ta-Ti,7,0.0081205380952376,,,6.444805185816916e-07,3865.5813880375526,228.7338256835937,-0.2,-0.15,0.0,-1.3,4.285714285714286,0.4285714285714285,-0.5,-0.45,0.0,-0.1,-0.1,0.6931471805599453,2,0.0,14.0,4.5,0.0473882733871474,2.0
119472,alex<agm001003617>,TaTiC,C2/m,C-Ta-Ti,6,0.0434916937500009,,,0.00015894158971,3949.507249188396,206.23654174804688,-0.2,-0.15,0.0,-1.3,4.333333333333333,0.3333333333333333,-0.5,-0.45,0.0,-0.1,-0.1,0.6931471805599453,2,0.0,15.0,3.0,0.0491117515678495,3.0
119473,alex<agm003559547>,TaTi3C4,Cmmm,C-Ta-Ti,8,0.0,,,6.379679517626401e-05,3012.2326510350417,258.5486755371094,-0.225,-0.15,0.0,-1.4,4.125,0.5,-0.525,-0.45,0.0,-0.1249999999999999,-0.1,0.5623351446188083,2,0.0,18.0,6.0,0.0477297634259194,3.0
119470,alex<agm003672620>,Ta(TiC)5,C2/m,C-Ta-Ti,11,0.0105511551515142,,,1.096341890831438e-06,2667.948186643702,218.2653045654297,-0.2333333333333333,-0.15,0.0,-1.4333333333333331,4.090909090909091,0.4545454545454545,-0.5333333333333333,-0.45,0.0,-0.1333333333333333,-0.0999999999999999,0.4505612088663046,2,0.0,15.666666666666666,5.0,0.0480851707185568,3.0
119468,alex<agm003725301>,TaTi3C,C2/m,C-Ta-Ti,10,0.0927913378333329,,,-1.7064261447532002e-06,3281.192512778867,149.01235961914062,-0.225,-0.15,0.0,-1.4,4.2,0.2,-0.525,-0.45,0.0,-0.1249999999999999,-0.1,0.5623351446188083,2,0.0,13.25,1.5,0.052465062074564,3.0
119586,alex<agm001268498>,VCrC,P3m1,C-Cr-V,3,0.0796823935185155,,,-8.883919120492223e-07,3413.62560385843,223.8085327148437,-0.075,-0.05,0.5,-1.25,5.0,0.3333333333333333,-0.425,-0.4,0.0,-0.025,-0.05,0.6931471805599453,2,0.0,15.0,3.0,0.0643762253301337,1.0
119474,alex<agm003658285>,Ta5TiC4,C2/m,C-Ta-Ti,10,0.0537115169999999,,,-5.682842099767513e-05,4440.474963653596,255.4114532470703,-0.1666666666666666,-0.15,0.0,-1.1666666666666667,4.5,0.4,-0.4666666666666666,-0.45,0.0,-0.0666666666666666,-0.0999999999999999,0.4505612088663046,2,0.0,15.333333333333334,4.0,0.0468507688734303,3.0
119585,mp-1216390,VCrC,P2_12_12,C-Cr-V,12,0.0466460593518505,0.0,,,3413.62560385843,238.2371063232422,-0.075,-0.05,0.5,-1.25,5.0,0.3333333333333333,-0.425,-0.4,0.0,-0.025,-0.05,0.6931471805599453,2,0.0,15.0,3.0,0.0642940724087507,3.0
119590,alex<agm003767089>,V6CrC,P-1,C-Cr-V,8,0.0972955515624995,,,0.0005676455092474,3404.237022657293,199.29171752929688,-0.0928571428571428,-0.05,0.5,-1.357142857142857,5.0,0.125,-0.4428571428571429,-0.4,0.0,-0.0428571428571428,-0.05,0.410116318288409,2,0.0,13.428571428571429,0.8571428571428571,0.0704367208325791,3.0
119588,alex<agm003622489>,VCr2C,Cmcm,C-Cr-V,8,0.0745348938888916,,,0.000233613673641,3627.402117112045,283.5807800292969,-0.0666666666666666,-0.05,0.5,-1.2,5.25,0.25,-0.4166666666666667,-0.4,0.0,-0.0166666666666666,-0.05,0.6365141682948128,2,0.0,14.333333333333334,3.0,0.0745690580018166,3.0
119589,alex<agm003724199>,V3CrC,C2/m,C-Cr-V,10,0.066032907499995,,,1.1228881688210224e-06,3407.2233113946186,214.1977081298828,-0.0875,-0.05,0.5,-1.3249999999999995,5.0,0.2,-0.4375,-0.4,0.0,-0.0375,-0.05,0.5623351446188083,2,0.0,14.0,1.5,0.0683645765287579,3.0
119918,mp-1218024,Ta2Ti2NbC5,R3m,C-Nb-Ta-Ti,10,0.037312064374996,0.0,,0.0001636402370126,4483.988529513866,275.1499938964844,-0.19,-0.15,0.0,-1.28,4.3,0.5,-0.49,-0.45,0.0,-0.09,-0.1,1.0549201679861442,3,0.0,18.0,6.0,0.0459377125835677,3.0
119587,alex<agm001040912>,VCrC,P2_1/c,C-Cr-V,12,0.0569294826851827,,,0.0007035460480447,3413.62560385843,248.85232543945312,-0.075,-0.05,0.5,-1.25,5.0,0.3333333333333333,-0.425,-0.4,0.0,-0.025,-0.05,0.6931471805599453,2,0.0,15.0,3.0,0.0642424937238059,3.0
119919,alex<agm004811147>,Ta2TiNbC4,P2/m,C-Nb-Ta-Ti,8,0.0040998179687505,,,2.1287307941859806e-06,4821.548615779058,278.5758361816406,-0.175,-0.15,0.0,-1.225,4.375,0.5,-0.475,-0.45,0.0,-0.075,-0.1,1.039720770839918,3,0.0,18.0,6.0,0.0451959828002667,3.0
119920,alex<agm004811149>,TaTi2NbC4,P2/m,C-Nb-Ta-Ti,8,0.0069546348437441,,,5.871218879659335e-05,4461.645568219949,264.51324462890625,-0.2,-0.15,0.0,-1.325,4.25,0.5,-0.5,-0.45,0.0,-0.0999999999999999,-0.1,1.039720770839918,3,0.0,18.0,6.0,0.0463340479286447,3.0
119921,alex<agm004811148>,TaTi(NbC2)2,P2/m,C-Nb-Ta-Ti,8,0.0176205671874924,,,2.891654334891478e-06,5628.867735747285,277.71844482421875,-0.175,-0.15,0.0,-1.25,4.375,0.5,-0.475,-0.45,0.0,-0.075,-0.0999999999999999,1.039720770839918,3,0.0,18.0,6.0,0.0449189023987123,3.0
119922,alex<agm004623510>,Ta2Ti3NbC6,C2/m,C-Nb-Ta-Ti,12,0.0045386948958334,,,8.803648328750386e-07,4206.721675659846,263.5933532714844,-0.1999999999999999,-0.15,0.0,-1.3166666666666669,4.25,0.5,-0.5000000000000001,-0.45,0.0,-0.0999999999999999,-0.0999999999999999,1.0114042647073516,3,0.0,18.0,6.0,0.0463756716511297,3.0
121745,mp-1220515,Nb4C3,R-3m,C-Nb,7,0.0515901192857146,0.0,,,8066.378413336171,261.3822937011719,-0.15,-0.15,0.0,-1.2,4.571428571428571,0.4285714285714285,-0.45,-0.45,0.0,-0.05,-0.0999999999999999,0.0,1,0.0,15.0,4.5,0.0449899146614966,2.0
121746,mp-1220501,Nb4C3,R3m,C-Nb,7,0.0872938921428563,0.0,,0.000443210435428,8066.378413336171,255.5455474853516,-0.15,-0.15,0.0,-1.2,4.571428571428571,0.4285714285714285,-0.45,-0.45,0.0,-0.05,-0.0999999999999999,0.0,1,0.0,15.0,4.5,0.0450540734166383,3.0
121747,alex<agm003290134>,Nb4C3,C2/m,C-Nb,7,0.0773707721428564,,,6.376458842366153e-08,8066.378413336171,245.0826110839844,-0.15,-0.15,0.0,-1.2,4.571428571428571,0.4285714285714285,-0.45,-0.45,0.0,-0.05,-0.0999999999999999,0.0,1,0.0,12.5,4.5,0.04474707968871,2.0
121748,mp-2318,Nb2C,P-3m1,C-Nb,3,0.0181807066666674,0.0,219.28374205106303,2.816080574573813e-07,8296.071851134338,224.34375,-0.15,-0.15,0.0,-1.2,4.666666666666667,0.3333333333333333,-0.45,-0.45,0.0,-0.05,-0.0999999999999999,0.0,1,0.0,15.0,3.0,0.0465467878207266,0.0
121753,mp-910,NbC,Fm-3m,C-Nb,2,0.0410321168749998,0.0,300.1480448905786,-1.4557322691495426e-06,7849.832400977992,312.4755859375,-0.15,-0.15,0.0,-1.2,4.5,0.5,-0.45,-0.45,0.0,-0.05,-0.0999999999999999,0.0,1,0.0,18.0,6.0,0.0437156839302642,
121749,mp-569989,Nb2C,Pnma,C-Nb,12,0.0,0.0,227.68831494426644,,8296.071851134338,235.2206420898437,-0.15,-0.15,0.0,-1.2,4.666666666666667,0.3333333333333333,-0.45,-0.45,0.0,-0.05,-0.0999999999999999,0.0,1,0.0,15.0,3.0,0.0466905492799992,3.0
121750,alex<agm002140286>,Nb2C,Pbcn,C-Nb,12,0.0098918824999998,,,3.275141639656055e-08,8296.071851134338,235.7694396972656,-0.15,-0.15,0.0,-1.2,4.666666666666667,0.3333333333333333,-0.45,-0.45,0.0,-0.05,-0.0999999999999999,0.0,1,0.0,15.0,3.0,0.0467877377795321,3.0
121751,mp-2760,Nb6C5,C2/m,C-Nb,11,0.0,0.0,238.860830260856,1.214859139679797e-05,7992.792412556487,250.3812255859375,-0.15,-0.15,0.0,-1.2,4.545454545454546,0.4545454545454545,-0.45,-0.45,0.0,-0.05,-0.0999999999999999,0.0,1,0.0,13.0,5.0,0.0439079262606015,2.0
121752,mp-32679,Nb10C7,C2/m,C-Nb,17,0.0394414623529417,0.0,227.19733118910383,,8111.2278999903965,235.12252807617188,-0.15,-0.15,0.0,-1.2,4.588235294117647,0.4117647058823529,-0.45,-0.45,0.0,-0.05,-0.0999999999999999,0.0,1,0.0,12.2,4.2,0.044480980400297,3.0
121755,alex<agm005217805>,Nb3C2,R-3c,C-Nb,10,0.0325197265000003,,,7.428460275605049e-06,8141.424111881414,237.4724273681641,-0.15,-0.15,0.0,-1.2,4.6,0.4,-0.45,-0.45,0.0,-0.05,-0.0999999999999999,0.0,1,0.0,12.0,4.0,0.0453923634232051,3.0
124799,mp-1221498,Mo2C,P-3m1,C-Mo,3,0.0675996650000012,0.0,,0.0001007680985064,5017.243797779889,283.8311767578125,0.0,0.0,1.0,-0.6,5.333333333333333,0.3333333333333333,-0.3,-0.3,0.0,0.1,-0.1,0.0,1,0.0,15.0,3.0,0.0525600387537035,1.0
121754,alex<agm003287147>,Nb3C2,Fddd,C-Nb,20,0.0098443384999988,,,-2.11145352236202e-06,8141.424111881414,234.1155700683593,-0.15,-0.15,0.0,-1.2,4.6,0.4,-0.45,-0.45,0.0,-0.05,-0.0999999999999999,0.0,1,0.0,11.0,4.0,0.045036335337937,3.0
124801,alex<agm003161092>,Mo2C,R-3m,C-Mo,3,0.0675277716666666,,,8.111342065080558e-05,5017.243797779889,322.15594482421875,0.0,0.0,1.0,-0.6,5.333333333333333,0.3333333333333333,-0.3,-0.3,0.0,0.1,-0.1,0.0,1,0.0,15.0,3.0,0.0530031826139846,2.0
124804,mp-2305,MoC,P-6m2,C-Mo,2,0.0023879768749992,0.0,349.84814051497244,-9.417242664197564e-06,4765.947325955274,356.3347473144531,0.0,0.0,1.0,-0.6,5.0,0.5,-0.3,-0.3,0.0,0.1,-0.1,0.0,1,0.0,14.0,6.0,0.0476340143679146,
124803,alex<agm002140206>,Mo2C,Pnnm,C-Mo,6,0.0,,,1.6034514513809222e-05,5017.243797779889,285.5858154296875,0.0,0.0,1.0,-0.6,5.333333333333333,0.3333333333333333,-0.3,-0.3,0.0,0.1,-0.1,0.0,1,0.0,15.0,3.0,0.0529148239049887,3.0
124800,mp-1552,Mo2C,Pbcn,C-Mo,12,0.001189965,0.0,294.3365694125607,-2.596072282207976e-05,5017.243797779889,290.691162109375,0.0,0.0,1.0,-0.6,5.333333333333333,0.3333333333333333,-0.3,-0.3,0.0,0.1,-0.1,0.0,1,0.0,15.0,3.0,0.0528341556835935,3.0
124805,alex<agm005217806>,Mo3C2,R-3c,C-Mo,10,0.0683708527500002,,,-3.5097693703164755e-05,4930.252044789434,287.2239990234375,0.0,0.0,1.0,-0.6,5.2,0.4,-0.3,-0.3,0.0,0.1,-0.1,0.0,1,0.0,16.0,4.0,0.050517238924174,3.0
124802,alex<agm002140205>,Mo2C,P-31m,C-Mo,9,0.02096867611111,,,1.8814423154845538e-05,5017.243797779888,290.865478515625,0.0,0.0,1.0,-0.6,5.333333333333333,0.3333333333333333,-0.3,-0.3,0.0,0.1,-0.1,0.0,1,0.0,15.0,3.0,0.0526744152182193,3.0
127197,mp-1221393,MoWC2,Pmm2,C-Mo-W,4,0.0014415709374979,0.0,,5.0524277879655375e-05,4315.334623211084,370.4878540039063,0.025,0.0,1.0,-0.55,5.0,0.5,-0.25,-0.2,0.0,0.125,-0.1,0.6931471805599453,2,0.0,14.0,6.0,0.0474406365067186,2.0
127199,alex<agm003159101>,MoWC,P3m1,C-Mo-W,3,0.0954972274509806,,,0.0001722628732903,4472.38157350457,296.3670654296875,0.025,0.0,1.0,-0.55,5.333333333333333,0.3333333333333333,-0.25,-0.2,0.0,0.125,-0.1,0.6931471805599453,2,0.0,15.0,3.0,0.0524200819223141,1.0
127198,alex<agm003191694>,MoWC2,Imm2,C-Mo-W,4,0.0179390609374987,,,-0.0001644593116226,4315.334623211084,372.2567138671875,0.025,0.0,1.0,-0.55,5.0,0.5,-0.25,-0.2,0.0,0.125,-0.1,0.6931471805599453,2,0.0,14.0,6.0,0.0474438355769962,1.0
130326,mp-1224274,HfTiC2,R-3m,C-Hf-Ti,4,0.0455638350000011,0.0,,1.1406113657113135e-05,2207.346560246411,225.96221923828125,-0.275,-0.25,0.0,-1.525,4.0,0.5,-0.575,-0.55,0.0,-0.175,-0.1,0.6931471805599453,2,0.0,18.0,6.0,0.0438781050448928,3.0
127200,alex<agm001041911>,MoWC,P2_1/c,C-Mo-W,12,0.0228120357843142,,,-4.214798950116593e-06,4472.38157350457,301.2221069335937,0.025,0.0,1.0,-0.55,5.333333333333333,0.3333333333333333,-0.25,-0.2,0.0,0.125,-0.1,0.6931471805599453,2,0.0,15.0,3.0,0.052684986875681,3.0
130328,alex<agm001413103>,HfTiC,P3m1,C-Hf-Ti,3,0.0834240929166671,,,7.04786243331116e-06,2293.375109127621,139.38095092773438,-0.275,-0.25,0.0,-1.525,4.0,0.3333333333333333,-0.575,-0.55,0.0,-0.175,-0.1,0.6931471805599453,2,0.0,12.0,3.0,0.0443959839374313,0.0
130327,alex<agm001927562>,HfTi2C,R-3m,C-Hf-Ti,4,0.088212903854167,,,9.93564509928922e-07,2177.422059589561,146.57237243652344,-0.2666666666666666,-0.25,0.0,-1.5166666666666666,4.0,0.25,-0.5666666666666668,-0.55,0.0,-0.1666666666666666,-0.1,0.6365141682948128,2,0.0,14.0,2.0,0.048387881960005,1.0
130329,alex<agm003599639>,HfTiC,Pmmn,C-Hf-Ti,6,0.0558832912499998,,,2.5274795045424743e-06,2293.375109127621,157.1279754638672,-0.275,-0.25,0.0,-1.525,4.0,0.3333333333333333,-0.575,-0.55,0.0,-0.175,-0.1,0.6931471805599453,2,0.0,10.0,3.0,0.0445567123230576,2.0
130331,alex<agm003555485>,Hf3TiC4,Cmmm,C-Hf-Ti,8,0.0371630312499995,,,-2.28874870374164e-07,2364.393982829353,235.13917541503903,-0.2875,-0.25,0.0,-1.5375,4.0,0.5,-0.5874999999999999,-0.55,0.0,-0.1875,-0.0999999999999999,0.5623351446188083,2,0.0,6.0,6.0,0.0416136127995168,
130330,alex<agm003658840>,Hf4TiC5,I4/m,C-Hf-Ti,10,0.0307787849999989,,,-1.1440605551976065e-05,2388.315515455106,236.9151153564453,-0.29,-0.25,0.0,-1.54,4.0,0.5,-0.5900000000000001,-0.55,0.0,-0.19,-0.0999999999999999,0.5004024235381879,2,0.0,6.0,6.0,0.0412155254150642,
130333,alex<agm003392981>,Hf2TiC2,Pmmn,C-Hf-Ti,10,0.0806893834999975,,,-2.5775376033244297e-06,2370.764318378318,179.208984375,-0.2833333333333333,-0.25,0.0,-1.5333333333333332,4.0,0.4,-0.5833333333333334,-0.55,0.0,-0.1833333333333333,-0.0999999999999999,0.6365141682948128,2,0.0,6.0,4.0,0.0425336238318713,1.0
130336,alex<agm003393228>,Hf(TiC)2,R-3m,C-Hf-Ti,5,0.0555437550416648,,,0.0002486228379324,2109.870261201011,169.79751586914062,-0.2666666666666666,-0.25,0.0,-1.5166666666666666,4.0,0.4,-0.5666666666666668,-0.55,0.0,-0.1666666666666666,-0.1,0.6365141682948128,2,0.0,14.0,4.0,0.0452290969361437,3.0
130332,alex<agm003658288>,HfTi5C4,C2/m,C-Hf-Ti,10,0.067350346208336,,,-6.308295632357904e-07,1869.696510469279,165.44384765625,-0.2583333333333333,-0.25,0.0,-1.5083333333333335,4.0,0.4,-0.5583333333333333,-0.55,0.0,-0.1583333333333333,-0.1,0.4505612088663046,2,0.0,15.333333333333334,4.0,0.0470183524756279,3.0
130334,alex<agm003672625>,Hf5TiC5,C2/m,C-Hf-Ti,11,0.0899355810606117,,,-2.4056277151612764e-07,2426.085085475832,203.31753540039065,-0.2916666666666667,-0.25,0.0,-1.5416666666666667,4.0,0.4545454545454545,-0.5916666666666667,-0.55,0.0,-0.1916666666666666,-0.1,0.4505612088663046,2,0.0,7.0,5.0,0.0411218412934885,3.0
130338,alex<agm003304311>,Hf2Ti2C3,C2/m,C-Hf-Ti,7,0.0022731411309511,,,2.785317578426576e-05,2249.3037796107224,175.90843200683594,-0.275,-0.25,0.0,-1.525,4.0,0.4285714285714285,-0.575,-0.55,0.0,-0.175,-0.1,0.6931471805599453,2,0.0,8.5,4.5,0.0435426986853871,2.0
130335,alex<agm003658287>,Hf5TiC4,C2/m,C-Hf-Ti,10,0.087983719124999,,,5.192698748168907e-07,2449.4911670830807,183.64404296875,-0.2916666666666667,-0.25,0.0,-1.5416666666666667,4.0,0.4,-0.5916666666666667,-0.55,0.0,-0.1916666666666666,-0.1,0.4505612088663046,2,0.0,8.0,4.0,0.041321210206617,3.0
130337,alex<agm003672624>,Hf(TiC)5,C2/m,C-Hf-Ti,11,0.0699002680302953,,,-8.635043346042651e-05,1835.271413131162,200.88853454589844,-0.2583333333333333,-0.25,0.0,-1.5083333333333335,4.0,0.4545454545454545,-0.5583333333333333,-0.55,0.0,-0.1583333333333333,-0.1,0.4505612088663046,2,0.0,15.666666666666666,5.0,0.0468193205651304,3.0
130765,mp-1224170,HfZrC2,P4/mmm,C-Hf-Zr,4,0.0041875393749979,0.0,,,2428.2640090367045,231.7734222412109,-0.3,-0.3,0.0,-1.525,4.0,0.5,-0.6,-0.6,0.0,-0.2,-0.0999999999999999,0.6931471805599453,2,0.0,6.0,6.0,0.038815483775676,
130766,alex<agm001954808>,HfZrC2,R-3m,C-Hf-Zr,4,0.0036311118749985,,,2.3624121719469925e-05,2428.2640090367045,230.53970336914065,-0.3,-0.3,0.0,-1.525,4.0,0.5,-0.6,-0.6,0.0,-0.2,-0.0999999999999999,0.6931471805599453,2,0.0,6.0,6.0,0.0388618550990026,
130767,alex<agm001414267>,HfZrC,P3m1,C-Hf-Zr,3,0.0623914891666661,,,-5.766280320721378e-07,2510.471215338947,150.67294311523438,-0.3,-0.3,0.0,-1.525,4.0,0.3333333333333333,-0.6,-0.6,0.0,-0.2,-0.0999999999999999,0.6931471805599453,2,0.0,6.0,3.0,0.038961353556016,0.0
130768,alex<agm001044886>,HfZrC,C2/m,C-Hf-Zr,6,0.062228090833333,,,0.0001718553348094,2510.471215338947,148.84474182128906,-0.3,-0.3,0.0,-1.525,4.0,0.3333333333333333,-0.6,-0.6,0.0,-0.2,-0.0999999999999999,0.6931471805599453,2,0.0,6.0,3.0,0.0390662434631302,2.0
130769,alex<agm003653066>,HfZr4C5,I4/mmm,C-Hf-Zr,10,0.0018033789999911,,,-5.988417457789534e-07,2391.01078069964,230.3553771972656,-0.3,-0.3,0.0,-1.51,4.0,0.5,-0.6,-0.6,0.0,-0.2,-0.0999999999999999,0.5004024235381879,2,0.0,6.0,6.0,0.0383381400075596,
130772,alex<agm003398134>,Hf(ZrC)2,Immm,C-Hf-Zr,5,0.0617069584166642,,,8.767727999790292e-07,2468.960363092836,156.11221313476562,-0.3,-0.3,0.0,-1.5166666666666666,4.0,0.4,-0.6,-0.6,0.0,-0.2,-0.0999999999999999,0.6365141682948128,2,0.0,5.333333333333333,4.0,0.0385677185061895,3.0
130770,alex<agm003658529>,Hf5ZrC4,C2/m,C-Hf-Zr,10,0.0696220356250005,,,7.477553260284221e-07,2502.211653430476,173.6792755126953,-0.3,-0.3,0.0,-1.5416666666666667,4.0,0.4,-0.6,-0.6,0.0,-0.1999999999999999,-0.1,0.4505612088663046,2,0.0,5.333333333333333,4.0,0.0395637738409016,2.0
130771,alex<agm003560434>,Hf3ZrC4,Pm-3m,C-Hf-Zr,8,0.0,,,-2.575079132879199e-07,2450.475207517953,235.54446411132807,-0.3,-0.3,0.0,-1.5375,4.0,0.5,-0.6,-0.6,0.0,-0.2,-0.0999999999999999,0.5623351446188083,2,0.0,6.0,6.0,0.0393141852347969,
130776,alex<agm003398133>,Hf2ZrC2,R-3m,C-Hf-Zr,5,0.0508814290000021,,,0.0008939488223725,2493.17614003821,165.58749389648438,-0.3,-0.3,0.0,-1.5333333333333332,4.0,0.4,-0.6,-0.6,0.0,-0.2,-0.0999999999999999,0.6365141682948128,2,0.0,4.0,4.0,0.0390614584750591,
130773,alex<agm003673761>,Hf(ZrC)5,C2/m,C-Hf-Zr,11,0.0469705275757537,,,-6.031052379232189e-05,2418.455482402631,187.4112548828125,-0.3,-0.3,0.0,-1.5083333333333335,4.0,0.4545454545454545,-0.6,-0.6,0.0,-0.1999999999999999,-0.1,0.4505612088663046,2,0.0,5.0,5.0,0.0382887494758666,
130774,alex<agm003562799>,HfZr3C4,Pm-3m,C-Hf-Zr,8,0.0,,,-6.255068656736956e-06,2398.3028551505304,229.83331298828125,-0.3,-0.3,0.0,-1.5125,4.0,0.5,-0.6,-0.6,0.0,-0.2,-0.0999999999999999,0.5623351446188083,2,0.0,6.0,6.0,0.0383334988353363,
130777,alex<agm003308340>,Hf2Zr2C3,C2/m,C-Hf-Zr,7,0.0137577641666641,,,0.0001010113273532,2468.5097194401487,173.7218017578125,-0.3,-0.3,0.0,-1.525,4.0,0.4285714285714285,-0.6,-0.6,0.0,-0.2,-0.0999999999999999,0.6931471805599453,2,0.0,5.5,4.5,0.0386210125860766,1.0
130775,alex<agm003658528>,HfZr5C4,C2/m,C-Hf-Zr,10,0.0457533230833338,,,8.424981478713076e-05,2452.2090878408467,160.77859497070312,-0.3,-0.3,0.0,-1.5083333333333335,4.0,0.4,-0.6,-0.6,0.0,-0.1999999999999999,-0.1,0.4505612088663046,2,0.0,4.666666666666667,4.0,0.0383351575818183,1.0
130778,alex<agm003660424>,Hf4ZrC5,I4/m,C-Hf-Zr,10,0.0014098379999989,,,2.1275908514728813e-05,2454.245395050492,232.81658935546875,-0.3,-0.3,0.0,-1.54,4.0,0.5,-0.6,-0.6,0.0,-0.2,-0.0999999999999999,0.5004024235381879,2,0.0,6.0,6.0,0.0394495077746669,
131034,mp-1224360,HfNb2VC4,R3m,C-Hf-Nb-V,8,0.0766215101388869,0.0,,0.0002587012820947,4956.859334685496,274.0970458984375,-0.175,-0.1,0.0,-1.3375,4.375,0.5,-0.4875,-0.45,0.0,-0.0875,-0.0874999999999999,1.039720770839918,3,0.0,16.5,6.0,0.0450720681630939,2.0
131524,mp-1224304,HfTa2VC4,R3m,C-Hf-Ta-V,8,0.0653252856076385,0.0,,-9.649702996840462e-06,3751.186203495359,275.1921081542969,-0.175,-0.1,0.0,-1.2875,4.375,0.5,-0.4875,-0.45,0.0,-0.0875,-0.0874999999999999,1.039720770839918,3,0.0,16.5,6.0,0.0454317494467077,2.0
135282,mp-1226023,Cr6BC3,Amm2,B-C-Cr,10,0.0331043187000013,0.0,,,3675.2221519609984,297.5504150390625,-0.05,-0.05,1.0,-1.1,5.1,0.3,-0.4000000000000001,-0.4,0.0,0.0,-0.05,0.0,1,0.0,16.166666666666668,3.333333333333333,0.0659111437787657,3.0
145189,mp-1894,WC,P-6m2,C-W,2,0.0,0.0,385.1942481675284,,4066.961976648539,397.011474609375,0.05,0.05,1.0,-0.5,5.0,0.5,-0.2,-0.2,0.0,0.15,-0.0999999999999999,0.0,1,0.0,14.0,6.0,0.0472373513355224,
145191,mp-33065,W2C,Pnnm,C-W,6,0.07074405,0.0,333.4274177258285,,4179.795159586474,341.55426025390625,0.05,0.05,1.0,-0.5,5.333333333333333,0.3333333333333333,-0.2,-0.2,0.0,0.15,-0.0999999999999999,0.0,1,0.0,15.0,3.0,0.0525908673778066,3.0
145190,mp-2034,W2C,Pbcn,C-W,12,0.0657635308333315,0.0,334.1754456048781,-1.043838712842964e-06,4179.795159586474,345.614990234375,0.05,0.05,1.0,-0.5,5.333333333333333,0.3333333333333333,-0.2,-0.2,0.0,0.15,-0.0999999999999999,0.0,1,0.0,15.0,3.0,0.0525532391613827,3.0
147964,mp-21075,HfC,Fm-3m,C-Hf,2,0.0,0.0,236.17053397016863,5.96648728608677e-08,2467.5990691897723,243.2792358398437,-0.3,-0.3,0.0,-1.55,4.0,0.5,-0.6,-0.6,0.0,-0.2,-0.0999999999999999,0.0,1,0.0,6.0,6.0,0.0397496742458613,
147967,alex<agm002140084>,Hf2C,P-3m1,C-Hf,3,0.0514732883333337,,,0.0001105698305727,2531.6446999883738,170.5208282470703,-0.3,-0.3,0.0,-1.55,4.0,0.3333333333333333,-0.6,-0.6,0.0,-0.2,-0.0999999999999999,0.0,1,0.0,6.0,3.0,0.0402298861543239,1.0
147965,alex<agm002140086>,Hf2C,Pnma,C-Hf,12,0.0563679066666651,,,-7.026705380786727e-07,2531.6446999883738,168.63327026367188,-0.3,-0.3,0.0,-1.55,4.0,0.3333333333333333,-0.6,-0.6,0.0,-0.2,-0.0999999999999999,0.0,1,0.0,5.0,3.0,0.0402676526119583,2.0
147969,alex<agm003287275>,Hf3C2,R-3m,C-Hf,5,0.0245098317499987,,,0.0007938235040197,2509.837863459564,191.4671325683593,-0.3,-0.3,0.0,-1.55,4.0,0.4,-0.6,-0.6,0.0,-0.2,-0.0999999999999999,0.0,1,0.0,4.0,4.0,0.0399559499816333,
147966,alex<agm002140085>,Hf2C,Fd-3m,C-Hf,12,0.0,,,-3.769267578353034e-07,2531.6446999883738,160.14382934570312,-0.3,-0.3,0.0,-1.55,4.0,0.3333333333333333,-0.6,-0.6,0.0,-0.2,-0.0999999999999999,0.0,1,0.0,6.0,3.0,0.0401519849433415,3.0
147968,alex<agm002139785>,Hf6C5,C2/m,C-Hf,11,0.0,,,2.831628296009095e-07,2488.4941867482,212.450439453125,-0.3,-0.3,0.0,-1.55,4.0,0.4545454545454545,-0.6,-0.6,0.0,-0.2,-0.0999999999999999,0.0,1,0.0,5.0,5.0,0.0396957237855309,
152237,mp-2795,ZrC,Fm-3m,C-Zr,2,0.0,0.0,221.2519635128413,7.017701416677299e-06,2355.678371710287,226.4776153564453,-0.3,-0.3,0.0,-1.5,4.0,0.5,-0.6,-0.6,0.0,-0.2,-0.0999999999999999,0.0,1,0.0,6.0,6.0,0.0379346914353092,
152239,alex<agm003161181>,Zr2C,R-3m,C-Zr,3,0.0201693183333322,,,3.825702213716665e-08,2470.293949306459,135.73455810546875,-0.3,-0.3,0.0,-1.5,4.0,0.3333333333333333,-0.6,-0.6,0.0,-0.2,-0.0999999999999999,0.0,1,0.0,6.0,3.0,0.0382570222361541,1.0
152242,alex<agm003194977>,Zr3C2,P-3m1,C-Zr,5,0.0209486077499985,,,0.0002060391974565,2430.547334942596,151.63426208496094,-0.3,-0.3,0.0,-1.5,4.0,0.4,-0.6,-0.6,0.0,-0.2,-0.0999999999999999,0.0,1,0.0,4.0,4.0,0.0378855308908198,
152241,alex<agm002140690>,Zr2C,P-3m1,C-Zr,3,0.0561163583333321,,,6.183209301916704e-05,2470.293949306459,135.5138702392578,-0.3,-0.3,0.0,-1.5,4.0,0.3333333333333333,-0.6,-0.6,0.0,-0.2,-0.0999999999999999,0.0,1,0.0,6.0,3.0,0.0379932366627726,1.0
152243,alex<agm003194976>,Zr3C2,R-3m,C-Zr,5,0.0216614517499991,,,0.0004197019257796,2430.547334942596,152.9936981201172,-0.3,-0.3,0.0,-1.5,4.0,0.4,-0.6,-0.6,0.0,-0.2,-0.0999999999999999,0.0,1,0.0,4.0,4.0,0.0379362992967996,
152240,alex<agm003202188>,Zr2C,Cmcm,C-Zr,6,0.072996943333333,,,-1.8229660771336292e-08,2470.293949306459,136.36485290527344,-0.3,-0.3,0.0,-1.5,4.0,0.3333333333333333,-0.6,-0.6,0.0,-0.2,-0.0999999999999999,0.0,1,0.0,5.0,3.0,0.0383782332070882,2.0
152238,alex<agm002140691>,Zr2C,Pnma,C-Zr,12,0.0495152933333322,,,2.6569556007572415e-07,2470.293949306459,137.78224182128906,-0.3,-0.3,0.0,-1.5,4.0,0.3333333333333333,-0.6,-0.6,0.0,-0.2,-0.0999999999999999,0.0,1,0.0,5.0,3.0,0.0385764879140696,2.0
152245,alex<agm003163152>,Zr3C,R-3m,C-Zr,4,0.0762386637499989,,,0.0004637937432791,2511.7115947167963,129.50045776367188,-0.3,-0.3,0.0,-1.5,4.0,0.25,-0.6,-0.6,0.0,-0.2,-0.0999999999999999,0.0,1,0.0,2.0,2.0,0.0396577775419723,
152246,alex<agm003290137>,Zr4C3,C2/m,C-Zr,7,0.0900643617857124,,,-1.2544868248775e-07,2411.269377227488,163.1639862060547,-0.3,-0.3,0.0,-1.5,4.0,0.4285714285714285,-0.6,-0.6,0.0,-0.2,-0.0999999999999999,0.0,1,0.0,4.5,4.5,0.0380147523054747,
152244,alex<agm002139793>,Zr6C5,C2/m,C-Zr,11,0.0,,,7.846344335690914e-05,2392.372622541252,177.4937744140625,-0.3,-0.3,0.0,-1.5,4.0,0.4545454545454545,-0.6,-0.6,0.0,-0.2,-0.0999999999999999,0.0,1,0.0,5.0,5.0,0.0377527573417068,
156811,mp-29981,Nb7(BC)4,Immm,B-C-Nb,15,0.0,0.0,,0.0003403287278721,7865.823825758415,287.4200439453125,-0.15,-0.15,0.0,-1.2,4.2,0.2666666666666666,-0.45,-0.45,0.0,-0.05,-0.0999999999999999,0.0,1,0.0,14.857142857142858,3.4285714285714284,0.0420323494347899,3.0
156810,mp-29980,Nb4B3C2,Cmcm,B-C-Nb,18,0.0,0.0,,,7819.056955532976,289.96148681640625,-0.15,-0.15,0.0,-1.2,4.111111111111111,0.2222222222222222,-0.45,-0.45,0.0,-0.05,-0.0999999999999999,0.0,1,0.0,15.25,3.0,0.0411100960640898,3.0
160194,mp-4472,BMo2C,Cmcm,B-C-Mo,8,0.0487922759374974,0.0,317.0871520164444,-6.089048818003976e-05,4865.314759966967,327.348876953125,0.0,0.0,1.0,-0.6,4.75,0.25,-0.3,-0.3,0.0,0.1,-0.1,0.0,1,0.0,17.5,3.0,0.0475781279776658,3.0
276394,alex<agm001268381>,VMoC,P3m1,C-Mo-V,3,0.0581893817592611,,,6.579311289988855e-06,4328.018933591454,260.0758972167969,-0.05,0.0,0.5,-1.0,5.0,0.3333333333333333,-0.375,-0.3,0.0,0.025,-0.075,0.6931471805599453,2,0.0,15.0,3.0,0.0565232930095302,2.0
276393,alex<agm002202081>,V2Mo2C3,C2/m,C-Mo-V,7,0.0551554106746046,,,3.360873921604197e-06,4188.607562695746,274.084716796875,-0.05,0.0,0.5,-1.0,4.857142857142857,0.4285714285714285,-0.375,-0.3,0.0,0.025,-0.075,0.6931471805599453,2,0.0,16.5,4.5,0.0531153523335627,2.0
285761,alex<agm001268358>,VWC,P3m1,C-V-W,3,0.0644020003703733,,,-3.737288868957709e-06,3929.291322821386,278.136474609375,-0.025,0.05,0.5,-0.95,5.0,0.3333333333333333,-0.325,-0.2,0.0,0.0499999999999999,-0.075,0.6931471805599453,2,0.0,15.0,3.0,0.0564119073329693,0.0
285760,alex<agm002258299>,V2W2C3,C2/m,C-V-W,7,0.0995075917460308,,,4.353172330903995e-06,3847.826551325359,311.3267822265625,-0.025,0.05,0.5,-0.95,4.857142857142857,0.4285714285714285,-0.325,-0.2,0.0,0.0499999999999999,-0.075,0.6931471805599453,2,0.0,16.5,4.5,0.0532172655723278,3.0
337949,alex<agm005117853>,HfMoC2,R3m,C-Hf-Mo,4,0.0784960834374999,,,-1.308535476070685e-05,3298.9180147923576,248.10888671875,-0.15,0.0,0.5,-1.075,4.5,0.5,-0.4499999999999999,-0.3,0.0,-0.05,-0.0999999999999999,0.6931471805599453,2,0.0,16.0,6.0,0.0433505210526419,0.0
337948,alex<agm001954505>,HfMoC2,R-3m,C-Hf-Mo,4,0.086209858437499,,,-4.6055736926964655e-08,3298.9180147923576,271.4954528808594,-0.15,0.0,0.5,-1.075,4.5,0.5,-0.4499999999999999,-0.3,0.0,-0.05,-0.0999999999999999,0.6931471805599453,2,0.0,18.0,6.0,0.0438626067558785,3.0
392051,alex<agm004853860>,HfZr(TiC2)2,P2/m,C-Hf-Ti-Zr,8,0.056649722187501,,,2.8757939883069427e-05,2124.478222973764,221.27838134765625,-0.275,-0.25,0.0,-1.5125,4.0,0.5,-0.575,-0.55,0.0,-0.175,-0.1,1.039720770839918,3,0.0,12.0,6.0,0.0432174022746027,3.0
392052,alex<agm004811163>,Hf2ZrTiC4,P2/m,C-Hf-Ti-Zr,8,0.0492415123437517,,,7.795657101677839e-08,2326.6070443352105,227.07618713378903,-0.2875,-0.25,0.0,-1.525,4.0,0.5,-0.5874999999999999,-0.55,0.0,-0.1875,-0.0999999999999999,1.039720770839918,3,0.0,6.0,6.0,0.0410297742855956,
392053,alex<agm004853859>,HfZr2TiC4,P2/m,C-Hf-Ti-Zr,8,0.0480588154687513,,,5.0765854995595974e-09,2274.3841603264814,222.89015197753903,-0.2875,-0.25,0.0,-1.5125,4.0,0.5,-0.5874999999999999,-0.55,0.0,-0.1875,-0.0999999999999999,1.039720770839918,3,0.0,6.0,6.0,0.0406126839496281,
408705,alex<agm002046355>,NbWC,P3m1,C-Nb-W,3,0.0886318300000024,,,0.0001218074468815,5589.7971194334,270.7048645019531,-0.0499999999999999,0.05,0.5,-0.85,5.0,0.3333333333333333,-0.325,-0.2,0.0,0.0499999999999999,-0.0999999999999999,0.6931471805599453,2,0.0,15.0,3.0,0.0495827433769376,2.0
408704,alex<agm002258290>,Nb2W2C3,C2/m,C-Nb-W,7,0.098352765714285,,,4.614986102085364e-05,5486.100006028585,292.5048828125,-0.0499999999999999,0.05,0.5,-0.85,4.857142857142857,0.4285714285714285,-0.325,-0.2,0.0,0.0499999999999999,-0.0999999999999999,0.6931471805599453,2,0.0,15.5,4.5,0.046591313660565,3.0
425259,alex<agm003310872>,Cr3(MoC)2,C2/m,C-Cr-Mo,7,0.0544803910969431,,,0.0001100471941741,4486.617214727916,319.1069641113281,-0.03,0.0,1.0,-0.9,5.428571428571429,0.2857142857142857,-0.36,-0.3,0.0,0.04,-0.07,0.6730116670092565,2,0.0,14.8,3.2,0.0670635089901197,3.0
425258,alex<agm003622448>,Cr2MoC,Cmcm,C-Cr-Mo,8,0.0650401616183025,,,-0.0001325621273158,4439.192678782822,314.92706298828125,-0.0333333333333333,0.0,1.0,-0.9333333333333336,5.5,0.25,-0.3666666666666667,-0.3,0.0,0.0333333333333333,-0.0666666666666666,0.6365141682948128,2,0.0,14.333333333333334,3.0,0.0699998032299218,3.0
431448,alex<agm003622442>,Cr2WC,Cmcm,C-Cr-W,8,0.0835005172023795,,,2.779200485021479e-06,4078.420299430135,324.0135192871094,-0.0166666666666666,-0.05,1.0,-0.9,5.5,0.25,-0.3333333333333333,-0.2,0.0,0.0499999999999999,-0.0666666666666666,0.6365141682948128,2,0.0,14.333333333333334,3.0,0.0696541473613988,3.0
440463,alex<agm003401833>,Ti(VC)2,R-3m,C-Ti-V,5,0.012912254819442,,,5.231032081076307e-05,2503.2893790347543,224.7032928466797,-0.15,-0.1,0.0,-1.4333333333333331,4.4,0.4,-0.4833333333333334,-0.45,0.0,-0.0833333333333333,-0.0666666666666666,0.6365141682948128,2,0.0,16.0,4.0,0.0561590904642033,3.0
440466,alex<agm002202026>,TiVC2,P6_3/mmc,C-Ti-V,8,0.0863020887152785,,,0.0113106074538788,2131.394717410012,262.95684814453125,-0.175,-0.1,0.0,-1.45,4.25,0.5,-0.5,-0.45,0.0,-0.1,-0.0749999999999999,0.6931471805599453,2,0.0,18.0,6.0,0.0523682570321792,3.0
440468,alex<agm003559548>,Ti3VC4,Cmmm,C-Ti-V,8,0.0182747356076369,,,1.5217928317128849e-06,1760.1400414617044,273.88494873046875,-0.2125,-0.1,0.0,-1.475,4.125,0.5,-0.525,-0.45,0.0,-0.1249999999999999,-0.0875,0.5623351446188083,2,0.0,18.0,6.0,0.0505999279373699,3.0
440465,alex<agm002139640>,Ti2VC2,Cmcm,C-Ti-V,10,0.0887090954999987,,,-0.0001236411574773,1982.3804650230904,214.14422607421875,-0.1999999999999999,-0.1,0.0,-1.4666666666666668,4.2,0.4,-0.5166666666666667,-0.45,0.0,-0.1166666666666666,-0.0833333333333333,0.6365141682948128,2,0.0,16.0,4.666666666666667,0.055288269681132,3.0
440467,alex<agm003609745>,TiVC,Pnma,C-Ti-V,12,0.0559114787499996,,,0.0001836799780044,2308.206971355144,180.4920349121093,-0.175,-0.1,0.0,-1.45,4.333333333333333,0.3333333333333333,-0.5,-0.45,0.0,-0.1,-0.0749999999999999,0.6931471805599453,2,0.0,14.0,3.0,0.0554024743042168,3.0
440469,alex<agm003655460>,Ti5VC4,C2/m,C-Ti-V,10,0.0867752585624987,,,3.8801767226327984e-05,1714.825314429298,194.5863342285156,-0.225,-0.1,0.0,-1.4833333333333334,4.1,0.4,-0.5333333333333333,-0.45,0.0,-0.1333333333333333,-0.0916666666666666,0.4505612088663046,2,0.0,16.0,4.0,0.0508608824205341,3.0
440470,alex<agm003672623>,Ti5VC5,C2/m,C-Ti-V,11,0.0675224349494971,,,1.5075721066969565e-06,1673.1762909256986,223.6326599121093,-0.225,-0.1,0.0,-1.4833333333333334,4.090909090909091,0.4545454545454545,-0.5333333333333333,-0.45,0.0,-0.1333333333333333,-0.0916666666666666,0.4505612088663046,2,0.0,17.0,5.0,0.050364324260428,3.0
440472,alex<agm003304310>,Ti2V2C3,C2/m,C-Ti-V,7,0.0676261679563463,,,-1.609565111128605e-05,2215.2563395279503,211.96080017089844,-0.175,-0.1,0.0,-1.45,4.285714285714286,0.4285714285714285,-0.5,-0.45,0.0,-0.1,-0.0749999999999999,0.6931471805599453,2,0.0,16.0,4.5,0.0522968113509883,2.0
440471,alex<agm003620686>,TiV2C,Cmcm,C-Ti-V,8,0.0774286971874964,,,-1.52011069804076e-05,2652.033219440816,199.37730407714844,-0.15,-0.1,0.0,-1.4333333333333331,4.5,0.25,-0.4833333333333334,-0.45,0.0,-0.0833333333333333,-0.0666666666666666,0.6365141682948128,2,0.0,14.333333333333334,3.0,0.0647406600951749,3.0
440464,alex<agm003725303>,TiV3C,Pnma,C-Ti-V,20,0.0853594897499991,,,0.0001807228912755,2831.1688830675,196.2562713623047,-0.1375,-0.1,0.0,-1.4249999999999998,4.6,0.2,-0.475,-0.45,0.0,-0.075,-0.0625,0.5623351446188083,2,0.0,13.25,2.25,0.0656487821229417,3.0
440473,alex<agm003563034>,Ti5VC3,C2/m,C-Ti-V,18,0.0323845260416693,,,-5.793779846321537e-05,1759.5403553568617,163.2063751220703,-0.225,-0.1,0.0,-1.4833333333333334,4.111111111111111,0.3333333333333333,-0.5333333333333333,-0.45,0.0,-0.1333333333333333,-0.0916666666666666,0.4505612088663046,2,0.0,14.0,3.0,0.0519322648586632,3.0
440474,alex<agm003563033>,TiV5C3,C2/m,C-Ti-V,18,0.0463971043055586,,,-0.0001366919355344,2836.946326503972,217.00875854492188,-0.125,-0.1,0.0,-1.4166666666666667,4.555555555555555,0.3333333333333333,-0.4666666666666666,-0.45,0.0,-0.0666666666666666,-0.0583333333333333,0.4505612088663046,2,0.0,14.0,3.0,0.0579766095087073,3.0
443622,alex<agm001041652>,NbMoC,Fdd2,C-Mo-Nb,12,0.0566927563888874,,,2.013570722007012e-05,6631.897138004794,248.58770751953125,-0.075,0.0,0.5,-0.8999999999999999,5.0,0.3333333333333333,-0.375,-0.3,0.0,0.025,-0.1,0.6931471805599453,2,0.0,15.0,3.0,0.049949041111549,3.0
445083,alex<agm001041635>,TaMoC,C2/m,C-Mo-Ta,6,0.037165964722222,,,-1.4502625003480122e-07,4787.275776848747,253.6641998291016,-0.075,0.0,0.5,-0.8500000000000001,5.0,0.3333333333333333,-0.375,-0.3,0.0,0.025,-0.1,0.6931471805599453,2,0.0,15.0,3.0,0.050009051740464,3.0
445082,alex<agm002202071>,Ta2Mo2C3,C2/m,C-Mo-Ta,7,0.0343546864285713,,,4.760187292376858e-05,4699.970763360122,280.17022705078125,-0.075,0.0,0.5,-0.8500000000000001,4.857142857142857,0.4285714285714285,-0.375,-0.3,0.0,0.025,-0.1,0.6931471805599453,2,0.0,16.0,4.5,0.0471107433658095,3.0
443623,alex<agm002202072>,Nb2Mo2C3,C2/m,C-Mo-Nb,7,0.0369675760714276,,,1.444074930928914e-06,6453.884202172429,262.4700622558594,-0.075,0.0,0.5,-0.8999999999999999,4.857142857142857,0.4285714285714285,-0.375,-0.3,0.0,0.025,-0.1,0.6931471805599453,2,0.0,13.5,4.5,0.0464332775364362,3.0
445084,alex<agm003160102>,TaMoC,P3m1,C-Mo-Ta,3,0.0397481480555548,,,7.621346715000313e-05,4787.275776848747,263.9862365722656,-0.075,0.0,0.5,-0.8500000000000001,5.0,0.3333333333333333,-0.375,-0.3,0.0,0.025,-0.1,0.6931471805599453,2,0.0,15.0,3.0,0.0500121183204898,1.0
445461,alex<agm003633077>,Hf2BC,Cmcm,B-C-Hf,8,0.0446247248437501,,,9.266231501444178e-05,2516.511511138576,215.1957855224609,-0.3,-0.3,0.0,-1.55,3.75,0.25,-0.6,-0.6,0.0,-0.2,-0.0999999999999999,0.0,1,0.0,7.5,3.0,0.0386302226247427,3.0
448588,alex<agm004811153>,ZrTa2TiC4,P2/m,C-Ta-Ti-Zr,8,0.029310732499999,,,1.1474130727175805e-06,3779.196602820439,251.14830017089844,-0.2125,-0.15,0.0,-1.3,4.25,0.5,-0.5125,-0.45,0.0,-0.1125,-0.0999999999999999,1.039720770839918,3,0.0,18.0,6.0,0.0435864414694679,3.0
448590,alex<agm004811154>,Zr2TaTiC4,P2/m,C-Ta-Ti-Zr,8,0.018874427083336,,,6.266431804236012e-05,3142.8377371688503,231.7286529541016,-0.25,-0.15,0.0,-1.4,4.125,0.5,-0.55,-0.45,0.0,-0.15,-0.1,1.039720770839918,3,0.0,6.0,6.0,0.0419327609884939,
448589,alex<agm004811155>,ZrTa(TiC2)2,P2/m,C-Ta-Ti-Zr,8,0.0372187616666686,,,8.235036571602118e-05,3084.342097202953,234.69192504882807,-0.2375,-0.15,0.0,-1.4,4.125,0.5,-0.5375000000000001,-0.45,0.0,-0.1375,-0.0999999999999999,1.039720770839918,3,0.0,18.0,6.0,0.0446785388665866,3.0
458157,alex<agm004836739>,Hf2TaNbC4,P2/m,C-Hf-Nb-Ta,8,0.0057351785937491,,,1.797825277250978e-07,3886.2638369309457,260.94842529296875,-0.225,-0.15,0.0,-1.35,4.25,0.5,-0.525,-0.45,0.0,-0.125,-0.1,1.039720770839918,3,0.0,6.0,6.0,0.0420543924769084,
458158,alex<agm004836738>,HfTa(NbC2)2,P2/m,C-Hf-Nb-Ta,8,0.0238483609374995,,,-5.63166003082546e-07,5042.694407677929,272.5910949707031,-0.1875,-0.15,0.0,-1.2625000000000002,4.375,0.5,-0.4875,-0.45,0.0,-0.0875,-0.1,1.039720770839918,3,0.0,6.0,6.0,0.0429897711256179,
458159,alex<agm004836740>,HfTa2NbC4,P2/m,C-Hf-Nb-Ta,8,0.0071050054687518,,,-4.499488760508607e-07,4465.896306448045,274.8908996582031,-0.1875,-0.15,0.0,-1.2375,4.375,0.5,-0.4875,-0.45,0.0,-0.0875,-0.0999999999999999,1.039720770839918,3,0.0,16.0,6.0,0.0431605636356923,3.0
460790,alex<agm002258282>,Hf2W2C3,C2/m,C-Hf-W,7,0.0444323728571429,,,7.335770749717987e-07,3322.22202649403,242.7348175048828,-0.125,0.05,0.5,-1.025,4.571428571428571,0.4285714285714285,-0.4,-0.2,0.0,-0.025,-0.0999999999999999,0.6931471805599453,2,0.0,12.5,4.5,0.0446622266978003,2.0
488683,alex<agm003453174>,V4BC2,Cmcm,B-C-V,14,0.0529720183630981,,,-3.0204434874849376e-07,3044.60172406856,248.63902282714844,-0.1,-0.1,0.0,-1.4,4.428571428571429,0.2857142857142857,-0.45,-0.45,0.0,-0.05,-0.05,0.0,1,0.0,16.5,3.0,0.0573956007231437,3.0
488682,alex<agm003477595>,V5B2C,I4/mcm,B-C-V,16,0.0870831134374992,,,6.135500221159963e-07,3174.2186833469627,249.7567138671875,-0.1,-0.1,0.0,-1.4,4.375,0.125,-0.45,-0.45,0.0,-0.05,-0.05,0.0,1,0.0,15.6,2.0,0.0626710953107722,3.0
488684,alex<agm003578089>,V6BC3,P2_1/m,B-C-V,20,0.053404225104165,,,0.0004457581502918,3060.620791217732,245.79364013671875,-0.1,-0.1,0.0,-1.3999999999999997,4.5,0.3,-0.45,-0.45,0.0,-0.05,-0.05,0.0,1,0.0,15.5,3.1666666666666665,0.05911101708723,3.0
499154,alex<agm003562789>,HfNb3C4,Pm-3m,C-Hf-Nb,8,0.029666042499997,,,-7.431370229270119e-07,5820.509728275363,280.4022827148437,-0.1875,-0.15,0.0,-1.2875,4.375,0.5,-0.4875,-0.45,0.0,-0.0875,-0.0999999999999999,0.5623351446188083,2,0.0,6.0,6.0,0.0428321050678393,
499155,alex<agm003305486>,Hf2Nb2C3,C2/m,C-Hf-Nb,7,0.0063114014285741,,,3.0644789615312734e-07,4459.580982751846,210.26963806152344,-0.2249999999999999,-0.15,0.0,-1.375,4.285714285714286,0.4285714285714285,-0.525,-0.45,0.0,-0.125,-0.0999999999999999,0.6931471805599453,2,0.0,8.5,4.5,0.0421234221543748,2.0
499156,alex<agm003660399>,Hf4NbC5,I4/m,C-Hf-Nb,10,0.0,,,5.795377919128169e-05,3118.9720715598314,250.2657928466797,-0.2699999999999999,-0.15,0.0,-1.48,4.1,0.5,-0.5700000000000001,-0.45,0.0,-0.17,-0.0999999999999999,0.5004024235381879,2,0.0,6.0,6.0,0.0406123189572153,
499158,alex<agm003424579>,Hf2NbC3,Immm,C-Hf-Nb,6,0.0018240152083315,,,4.054005951407257e-05,3629.7038836637785,255.31655883789065,-0.25,-0.15,0.0,-1.4333333333333331,4.166666666666667,0.5,-0.5499999999999999,-0.45,0.0,-0.15,-0.1,0.6365141682948128,2,0.0,6.0,6.0,0.0410615410853568,
499157,alex<agm003673752>,Hf5NbC5,C2/m,C-Hf-Nb,11,0.0667354054545423,,,4.282039477001019e-05,3030.364409794941,214.1210784912109,-0.2749999999999999,-0.15,0.0,-1.4916666666666665,4.090909090909091,0.4545454545454545,-0.5750000000000001,-0.45,0.0,-0.175,-0.0999999999999999,0.4505612088663046,2,0.0,7.0,5.0,0.0406683606314644,3.0
506287,alex<agm003628808>,Ti2BC,Cmcm,B-C-Ti,8,0.0297750559765628,,,9.692801861128966e-05,1525.0363331328651,218.60011291503903,-0.25,-0.25,0.0,-1.5,3.75,0.25,-0.55,-0.55,0.0,-0.15,-0.1,0.0,1,0.0,17.5,3.0,0.0470770031056296,3.0
506286,alex<agm003452103>,Ti4BC2,Cmcm,B-C-Ti,14,0.0682787366294643,,,-3.636135860977451e-07,1502.3459967370804,190.57879638671875,-0.25,-0.25,0.0,-1.5,3.857142857142857,0.2857142857142857,-0.55,-0.55,0.0,-0.15,-0.1,0.0,1,0.0,16.5,3.0,0.0491369710545061,3.0
520939,alex<agm004811161>,ZrTi2NbC4,P2/m,C-Nb-Ti-Zr,8,0.0347147668749983,,,0.0001078031198125,3757.0215571369927,238.2185211181641,-0.2375,-0.15,0.0,-1.425,4.125,0.5,-0.5375000000000001,-0.45,0.0,-0.1375,-0.1,1.039720770839918,3,0.0,18.0,6.0,0.0444040818549597,3.0
520940,alex<agm004811160>,Zr2TiNbC4,P2/m,C-Nb-Ti-Zr,8,0.0236239334375003,,,8.599291476389774e-05,3750.831938594237,233.66783142089844,-0.25,-0.15,0.0,-1.425,4.125,0.5,-0.55,-0.45,0.0,-0.15,-0.0999999999999999,1.039720770839918,3,0.0,6.0,6.0,0.041747173257875,
520938,alex<agm004853856>,ZrTi(NbC2)2,P2/m,C-Nb-Ti-Zr,8,0.0280430909765616,,,4.681502159962551e-07,5290.15011694973,250.3218536376953,-0.2125,-0.15,0.0,-1.35,4.25,0.5,-0.5125,-0.45,0.0,-0.1124999999999999,-0.1,1.039720770839918,3,0.0,12.0,6.0,0.0432471331483396,2.0
521397,alex<agm003742557>,Ta4BC,P2/m,B-C-Ta,6,0.0835445162500008,,,-4.522609470395747e-05,4690.282132963035,242.17059326171875,-0.15,-0.15,0.0,-1.1,4.5,0.1666666666666666,-0.45,-0.45,0.0,-0.05,-0.0999999999999999,0.0,1,0.0,15.0,1.5,0.0464035856396322,2.0
521398,alex<agm003633076>,Ta2BC,Cmcm,B-C-Ta,8,0.0338514300000003,,,6.346310817907059e-05,4587.072804026103,288.1863708496094,-0.15,-0.15,0.0,-1.1,4.25,0.25,-0.45,-0.45,0.0,-0.05,-0.0999999999999999,0.0,1,0.0,15.5,3.0,0.0435297482678811,3.0
521396,alex<agm003453173>,Ta4BC2,Cmcm,B-C-Ta,14,0.0649217464285722,,,0.0003736230519804,4623.940668783552,265.1660461425781,-0.15,-0.15,0.0,-1.1,4.428571428571429,0.2857142857142857,-0.45,-0.45,0.0,-0.05,-0.0999999999999999,0.0,1,0.0,13.5,3.0,0.0454440114026191,3.0
522039,alex<agm004780984>,Hf2ZrNbC4,P2/m,C-Hf-Nb-Zr,8,0.0049623606249991,,,5.796562015894934e-05,3406.4620409924632,241.8126983642578,-0.2624999999999999,-0.15,0.0,-1.45,4.125,0.5,-0.5625,-0.45,0.0,-0.1625,-0.0999999999999999,1.039720770839918,3,0.0,6.0,6.0,0.0403351333371809,
533506,alex<agm003633078>,Zr2BC,Cmcm,B-C-Zr,8,0.0595975960937504,,,7.754161295365327e-07,2445.524838785266,187.3547821044922,-0.3,-0.3,0.0,-1.5,3.75,0.25,-0.6,-0.6,0.0,-0.2,-0.0999999999999999,0.0,1,0.0,7.0,3.0,0.0366627011332541,3.0
536119,alex<agm004836741>,ZrTa(NbC2)2,P2/m,C-Nb-Ta-Zr,8,0.0305483521875018,,,0.0001223802090805,5463.944627192548,264.505126953125,-0.1875,-0.15,0.0,-1.25,4.375,0.5,-0.4875,-0.45,0.0,-0.0875,-0.1,1.039720770839918,3,0.0,6.0,6.0,0.0424654812347805,
536117,alex<agm004836742>,Zr2TaNbC4,P2/m,C-Nb-Ta-Zr,8,0.0044848350000012,,,0.0001097077809021,4331.384088504803,244.06460571289065,-0.225,-0.15,0.0,-1.325,4.25,0.5,-0.525,-0.45,0.0,-0.125,-0.1,1.039720770839918,3,0.0,6.0,6.0,0.0410525396482066,
536118,alex<agm004836743>,ZrTa2NbC4,P2/m,C-Nb-Ta-Zr,8,0.01173058671875,,,-6.665592001318691e-07,4739.987907800736,267.88299560546875,-0.1875,-0.15,0.0,-1.225,4.375,0.5,-0.4875,-0.45,0.0,-0.0875,-0.0999999999999999,1.039720770839918,3,0.0,6.0,6.0,0.0426597888790991,
539495,alex<agm004861901>,HfZr(TaC2)2,P2/m,C-Hf-Ta-Zr,8,0.0055273262500001,,,0.0001004722008092,3622.994442925368,252.5625915527344,-0.2249999999999999,-0.15,0.0,-1.3125,4.25,0.5,-0.525,-0.45,0.0,-0.125,-0.0999999999999999,1.039720770839918,3,0.0,6.0,6.0,0.0417403699414342,
539496,alex<agm004780891>,Hf2ZrTaC4,P2/m,C-Hf-Ta-Zr,8,0.0063290531250004,,,9.757279648195406e-05,3038.86265615672,239.95790100097656,-0.2624999999999999,-0.15,0.0,-1.4249999999999998,4.125,0.5,-0.5625,-0.45,0.0,-0.1625,-0.0999999999999999,1.039720770839918,3,0.0,6.0,6.0,0.0405632195359815,
547937,alex<agm004775047>,Ta2TiVC4,P2/m,C-Ta-Ti-V,8,0.0431766468576384,,,-0.0001375786350829,3952.6702090425833,284.6776123046875,-0.1625,-0.1,0.0,-1.275,4.375,0.5,-0.475,-0.45,0.0,-0.075,-0.0875,1.039720770839918,3,0.0,18.0,6.0,0.0477148576294506,3.0
547938,alex<agm004775048>,TaTi2VC4,P2/m,C-Ta-Ti-V,8,0.0436114712326336,,,1.5713648418879e-05,3244.760345474804,273.1400451660156,-0.1875,-0.1,0.0,-1.375,4.25,0.5,-0.5,-0.45,0.0,-0.0999999999999999,-0.0875,1.039720770839918,3,0.0,18.0,6.0,0.0490285441988624,3.0
548912,alex<agm004811151>,Hf2TaTiC4,P2/m,C-Hf-Ta-Ti,8,0.016413469999998,,,5.283613809739365e-05,2993.363259817562,241.3230743408203,-0.25,-0.15,0.0,-1.425,4.125,0.5,-0.55,-0.45,0.0,-0.15,-0.1,1.039720770839918,3,0.0,6.0,6.0,0.0429789222558028,
548914,alex<agm004811152>,HfTa(TiC2)2,P2/m,C-Hf-Ta-Ti,8,0.0261554125000014,,,-1.4505517854369367e-06,3000.34892463789,235.34011840820312,-0.2375,-0.15,0.0,-1.4125,4.125,0.5,-0.5375000000000001,-0.45,0.0,-0.1375,-0.0999999999999999,1.039720770839918,3,0.0,18.0,6.0,0.0452590260721086,3.0
548913,alex<agm004811150>,HfTa2TiC4,P2/m,C-Hf-Ta-Ti,8,0.0175650112499994,,,-1.5595746330587916e-06,3617.473376680484,253.890869140625,-0.2125,-0.15,0.0,-1.3125,4.25,0.5,-0.5125,-0.45,0.0,-0.1125,-0.0999999999999999,1.039720770839918,3,0.0,18.0,6.0,0.0441180942664496,3.0
549214,alex<agm004811158>,Hf2TiNbC4,P2/m,C-Hf-Nb-Ti,8,0.0188783494140629,,,5.716751094909492e-05,3382.8245994686145,243.9937286376953,-0.25,-0.15,0.0,-1.45,4.125,0.5,-0.55,-0.45,0.0,-0.15,-0.0999999999999999,1.039720770839918,3,0.0,6.0,6.0,0.0427868504756034,
549215,alex<agm004811157>,HfTi(NbC2)2,P2/m,C-Hf-Nb-Ti,8,0.0174766937890584,,,-1.5332481374228102e-08,4780.040961941586,256.8017272949219,-0.2125,-0.15,0.0,-1.3624999999999998,4.25,0.5,-0.5125,-0.45,0.0,-0.1124999999999999,-0.1,1.039720770839918,3,0.0,18.0,6.0,0.0438070896403367,3.0
549216,alex<agm004811159>,HfTi2NbC4,P2/m,C-Hf-Nb-Ti,8,0.0230303663281254,,,6.645823183006208e-05,3513.825107874261,240.81515502929688,-0.2375,-0.15,0.0,-1.4375,4.125,0.5,-0.5375000000000001,-0.45,0.0,-0.1375,-0.1,1.039720770839918,3,0.0,18.0,6.0,0.0450091305638743,3.0
570639,alex<agm001277369>,NbVC,P3m1,C-Nb-V,3,0.0752777354166678,,,-2.623918671536361e-08,6395.429715835983,212.944580078125,-0.125,-0.1,0.0,-1.2999999999999998,4.666666666666667,0.3333333333333333,-0.45,-0.45,0.0,-0.05,-0.075,0.6931471805599453,2,0.0,15.0,3.0,0.0524783734450753,2.0
570638,alex<agm003402039>,Nb(VC)2,R-3m,C-Nb-V,5,0.0644746034861079,,,6.608060003980097e-07,5374.456614980304,236.40985107421875,-0.1166666666666666,-0.1,0.0,-1.3333333333333333,4.6,0.4,-0.45,-0.45,0.0,-0.05,-0.0666666666666666,0.6365141682948128,2,0.0,16.0,4.0,0.0531479358284325,3.0
570637,alex<agm003305485>,Nb2V2C3,C2/m,C-Nb-V,7,0.0038956160515866,,,-1.2451567971313812e-05,6176.702054620816,238.9089813232422,-0.125,-0.1,0.0,-1.2999999999999998,4.571428571428571,0.4285714285714285,-0.45,-0.45,0.0,-0.05,-0.075,0.6931471805599453,2,0.0,16.0,4.5,0.0492984974697181,3.0
570640,alex<agm003622445>,NbV2C,Cmcm,C-Nb-V,8,0.0373683683333325,,,-0.0002368130098968,5657.559194367816,224.7341461181641,-0.1166666666666666,-0.1,0.0,-1.3333333333333333,4.75,0.25,-0.45,-0.45,0.0,-0.05,-0.0666666666666666,0.6365141682948128,2,0.0,14.333333333333334,3.0,0.0623017248614733,3.0
582151,alex<agm003560427>,Hf3TaC4,Cmmm,C-Hf-Ta,8,0.0,,,-2.3400502309079162e-07,2988.7648688484546,249.9701690673828,-0.2624999999999999,-0.15,0.0,-1.4375,4.125,0.5,-0.5625,-0.45,0.0,-0.1625,-0.0999999999999999,0.5623351446188083,2,0.0,6.0,6.0,0.0410535128341924,
582154,alex<agm001414239>,HfTaC,P3m1,C-Hf-Ta,3,0.0758219861111104,,,0.0114206182832497,3603.807487970475,196.9569702148437,-0.2249999999999999,-0.15,0.0,-1.3250000000000002,4.333333333333333,0.3333333333333333,-0.525,-0.45,0.0,-0.125,-0.0999999999999999,0.6931471805599453,2,0.0,15.0,3.0,0.0442218346930544,0.0
582152,alex<agm003660398>,Hf4TaC5,I4/m,C-Hf-Ta,10,0.0,,,2.8346413562440027e-05,2884.799984267427,248.2737579345703,-0.2699999999999999,-0.15,0.0,-1.4600000000000002,4.1,0.5,-0.5700000000000001,-0.45,0.0,-0.17,-0.0999999999999999,0.5004024235381879,2,0.0,6.0,6.0,0.0407850328109761,
582153,alex<agm003658521>,Hf5TaC4,C2/m,C-Hf-Ta,10,0.0841653026250011,,,0.0022782493693459,2865.0121948492188,195.97247314453125,-0.2749999999999999,-0.15,0.0,-1.475,4.1,0.4,-0.5750000000000001,-0.45,0.0,-0.175,-0.0999999999999999,0.4505612088663046,2,0.0,8.0,4.0,0.0411892973432836,3.0
597051,alex<agm005008812>,ZrCr2BC,Cmcm,B-C-Cr-Zr,10,0.0943061195000005,,,0.0003549552934579,3169.9891165710173,205.44305419921875,-0.1333333333333333,-0.05,0.5,-1.2333333333333334,4.6,0.2,-0.4666666666666666,-0.4,0.0,-0.0666666666666666,-0.0666666666666666,0.6365141682948128,2,0.0,13.666666666666666,2.0,0.0528306862630852,3.0
604118,alex<agm003725636>,ZrV3C,Pnma,C-V-Zr,20,0.0899242067500001,,,0.0002481370431066,2978.9636537175784,195.8025665283203,-0.15,-0.1,0.0,-1.4249999999999998,4.6,0.2,-0.4875,-0.45,0.0,-0.0875,-0.0625,0.5623351446188083,2,0.0,12.75,2.25,0.0607653101788046,3.0
