material_id,Unnamed: 0,reduced_formula,space_group,chemical_system,num_sites,energy_above_hull,dft_band_gap,dft_bulk_modulus,dft_mag_density,hhi_score,ml_bulk_modulus,mean_h_affinity,best_site_h_affinity,frac_thermoneutral_sites,d_band_proxy,valence_electron_conc,carbon_fraction,mean_co_affinity,best_site_co_affinity,frac_co_selective_sites,mean_cooh_affinity,co2rr_selectivity,metal_mixing_entropy,n_metal_species,expensive_metal_fraction,metal_cn_mean,mc_coordination,metal_packing_density,metal_percolation_dim,min_dG_H,limiting_potential_V
alex<agm003296587>,3431,Cr3C,Cmcm,C-Cr,8,0.0461945889120372,,,-5.505275680435898e-06,3842.6263251566975,311.8741760253906,-0.05,-0.05,1.0,-1.1,5.5,0.25,-0.4000000000000001,-2.1185,0.0,0.6478,-1.3516,0.0,1,0.0,14.333333333333334,2.6666666666666665,0.0760047263248629,3.0,-0.7038,-0.6478
alex<agm003203538>,3434,Cr2C,Pnnm,C-Cr,6,0.0037862015000005,,,0.0008034883251411,3727.263456344626,254.5624847412109,-0.05,-0.05,1.0,-1.1,5.333333333333333,0.3333333333333333,-0.4,-1.6201,0.0,0.9658,-1.5676,0.0,1,0.0,15.0,3.0,0.067782613769227,3.0,-0.6018,-0.9658
mp-1189286,3430,Cr3C,Pnma,C-Cr,16,0.0134918120370368,0.0,,-1.676577986882206e-07,3842.6263251566975,306.4666442871094,-0.05,-0.05,1.0,-1.1,5.5,0.25,-0.4000000000000001,-1.9025,0.0,-0.1175,-0.7843,0.0,1,0.0,14.333333333333334,2.6666666666666665,0.0767898314602537,3.0,-0.9018,0.1175
alex<agm002139963>,3435,Cr2C,Pbcn,C-Cr,12,0.0136100306666673,,,6.201766205776542e-06,3727.263456344626,249.32711791992188,-0.05,-0.05,1.0,-1.1,5.333333333333333,0.3333333333333333,-0.4,-1.031,0.0,-0.2211,-0.5632,0.0,1,0.0,15.0,3.0,0.0676402584819824,3.0,-0.7843,0.2211
mp-570112,3437,Cr3C2,Cmcm,C-Cr,10,0.029720632,0.0,308.9134033829652,,3619.597888336017,310.484130859375,-0.05,-0.05,1.0,-1.1,5.2,0.4,-0.4000000000000001,-1.516,0.0,0.9854,-1.5411,0.0,1,0.0,16.0,4.666666666666667,0.0668423313125104,3.0,-0.5557,-0.9854
alex<agm005217812>,3438,Cr3C2,R-3c,C-Cr,10,0.0833191069999994,,,0.0274260190642643,3619.597888336017,275.4093017578125,-0.05,-0.05,1.0,-1.1,5.2,0.4,-0.4000000000000001,-0.0888,0.5,-0.8371,0.4125,0.0,1,0.0,16.0,4.0,0.0634048346457846,3.0,-0.4246,-0.7483
mp-1018050,3429,CrC,P-6m2,C-Cr,2,0.0799137612499976,0.0,341.7788932070904,-1.3284271633075465e-06,3424.469900073117,363.4673156738281,-0.05,-0.05,1.0,-1.1,5.0,0.5,-0.4,-0.1553,0.25,0.2488,-1.0021,0.0,1,0.0,14.0,6.0,0.0601098347104419,,-0.7533,-0.2488
mp-1282,4267,VC,Fm-3m,C-V,2,0.0897535224305574,0.0,306.75864520688685,-6.101656699628433e-08,2846.706707628963,304.4938049316406,-0.1,-0.1,0.0,-1.4,4.5,0.5,-0.45,0.5695,0.0,4.8044,-5.4456,0.0,1,0.0,18.0,6.0,0.0554843711146722,,-0.6412,-4.8044
alex<agm002140648>,4264,V2C,Pnma,C-V,12,0.0,,,0.0005845231082675,3094.179484905662,239.606689453125,-0.1,-0.1,0.0,-1.4,4.666666666666667,0.3333333333333333,-0.45,-1.4398,0.0,-1.2535,0.4992,0.0,1,0.0,15.0,3.0,0.0608477339947917,3.0,-0.7543,0.1863
alex<agm003290135>,4266,V4C3,C2/m,C-V,7,0.0873153906547621,,,-5.424611161077e-06,2964.2455465660487,247.58737182617188,-0.1,-0.1,0.0,-1.4,4.571428571428571,0.4285714285714285,-0.45,-0.1222,0.5,-0.7494,0.0028,0.0,1,0.0,16.5,4.5,0.0565947956357518,2.0,-0.7466,-0.6272
mp-20648,4263,V2C,Pbcn,C-V,12,0.0007290433333331,0.0,244.05539896459453,-1.2694255529119998e-05,3094.179484905662,244.2206268310547,-0.1,-0.1,0.0,-1.4,4.666666666666667,0.3333333333333333,-0.45,-0.419,0.0,-1.7395,0.9606,0.0,1,0.0,15.0,3.0,0.0607126467585101,3.0,-0.7789,-1.3206
alex<agm003287927>,4269,V3C2,P2_1/m,C-V,10,0.0777525147083348,,,-4.770752549974211e-06,3006.086089640756,232.21588134765625,-0.1,-0.1,0.0,-1.3999999999999997,4.6,0.4,-0.45,-1.9315,0.0,-0.3027,-0.6,0.0,1,0.0,16.0,4.0,0.057838988284667,3.0,-0.9027,0.3027
alex<agm003266885>,3433,Cr2C,P-31m,C-Cr,9,0.0328892614999993,,,0.0004219396286746,3727.263456344626,243.27468872070312,-0.05,-0.05,1.0,-1.1,5.333333333333333,0.3333333333333333,-0.4000000000000001,-0.8197,0.0,-0.3897,-0.2107,0.0,1,0.0,15.0,3.0,0.0673809692460608,3.0,-0.6004,0.3897
alex<agm005217809>,4271,V3C2,R-3c,C-V,10,0.0394169387083351,,,-4.617676183437439e-05,3006.086089640756,233.2952117919922,-0.1,-0.1,0.0,-1.3999999999999997,4.6,0.4,-0.45,-0.162,0.25,0.9455,-1.3587,0.0,1,0.0,16.0,4.0,0.0581705622123014,3.0,-0.4132,-0.9455
alex<agm003298269>,4272,V4C,I4_1/amd,C-V,10,0.0969961334999975,,,-2.014022273502347e-06,3238.5783543820994,192.3199157714844,-0.1,-0.1,0.0,-1.4,4.8,0.2,-0.45,-0.2661,0.0,0.345,-0.7461,0.0,1,0.0,12.0,2.0,0.0668000755920488,3.0,-0.4011,-0.345
alex<agm002139649>,4270,V3C2,Cmcm,C-V,10,0.0181906967083342,,,-4.448776820670885e-07,3006.086089640756,260.2289733886719,-0.1,-0.1,0.0,-1.3999999999999997,4.6,0.4,-0.45,-1.5938,0.0,-2.0476,1.2161,0.0,1,0.0,16.0,4.666666666666667,0.0610816038401619,3.0,-0.8315,-0.4538
alex<agm002139728>,4268,V6C5,C2/m,C-V,11,0.0033650124242434,,,-5.565975962443173e-06,2923.7791647582394,243.1207427978516,-0.1,-0.1,0.0,-1.3999999999999997,4.545454545454546,0.4545454545454545,-0.45,-0.4431,0.0,1.9154,-2.6637,0.0,1,0.0,17.0,5.0,0.0555117284694255,2.0,-0.7483,-1.9154
alex<agm003288449>,4273,V5C2,C2/c,C-V,14,0.0359113421428549,,,-1.2598160998109657e-06,3150.072346283432,225.1198883056641,-0.1,-0.1,0.0,-1.4,4.714285714285714,0.2857142857142857,-0.45,-0.6787,0.0,-1.6318,1.1543,0.0,1,0.0,14.4,3.2,0.0665512994993724,3.0,-0.4775,-0.9531
alex<agm003297013>,4274,V3C,Cmcm,C-V,8,0.0367135093749979,,,-9.149504708033612e-05,3188.691796412417,217.0915985107422,-0.1,-0.1,0.0,-1.3999999999999997,4.75,0.25,-0.45,-2.0505,0.0,-3.5911,2.7374,0.0,1,0.0,14.333333333333334,3.0,0.0689487920191549,3.0,-0.8537,-1.5406
alex<agm002140616>,21277,Ti2C,P-3m1,C-Ti,3,0.0535449974999995,,,-0.0001112917048992,1477.3789337201738,151.43560791015625,-0.25,-0.25,0.0,-1.5,4.0,0.3333333333333333,-0.55,-1.9004,0.0,-2.5904,1.5337,0.0,1,0.0,15.0,3.0,0.0499626059285082,1.0,-1.0567,-0.69
alex<agm002140618>,21275,Ti2C,Pnma,C-Ti,12,0.0223298033333332,,,0.0001769619631366,1477.3789337201738,148.20030212402344,-0.25,-0.25,0.0,-1.5,4.0,0.3333333333333333,-0.55,-1.3969,0.0,-2.4719,1.8716,0.0,1,0.0,14.0,3.0,0.0501936097595231,3.0,-0.6003,-1.075
mp-10721,21274,Ti2C,Fd-3m,C-Ti,12,0.0,0.0,138.9378923332192,-1.919569207538785e-05,1477.3789337201738,136.90756225585938,-0.25,-0.25,0.0,-1.5,4.0,0.3333333333333333,-0.55,-1.3392,0.0,-3.0554,2.4107,0.0,1,0.0,12.0,3.0,0.0496301262544432,3.0,-0.6447,-1.7162
mp-1094034,21278,Ti3C2,P6_3/mmc,C-Ti,10,0.0633281733749999,0.0,,,1442.362715245695,171.2082977294922,-0.25,-0.25,0.0,-1.5,4.0,0.4,-0.55,-1.7825,0.0,-4.146,3.0899,0.0,1,0.0,14.666666666666666,4.0,0.0483805726035797,3.0,-1.0561,-2.3635
alex<agm002140617>,21276,Ti2C,Pbcn,C-Ti,12,0.0551675558333339,,,-0.0001202416969534,1477.3789337201738,160.72496032714844,-0.25,-0.25,0.0,-1.5,4.0,0.3333333333333333,-0.55,-1.308,0.0,-1.7449,1.1908,0.0,1,0.0,15.0,3.0,0.0506736892715883,3.0,-0.5541,-0.4369
alex<agm005217375>,21279,Ti3C2,R-3c,C-Ti,10,0.0956158453749989,,,1.2555205690533838e-07,1442.362715245695,169.95364379882812,-0.25,-0.25,0.0,-1.5,4.0,0.4,-0.55,-0.4264,0.0,-3.3588,0.3729,0.0,1,0.0,16.0,4.0,0.0498882345731742,3.0,-2.9859,-2.9324
mp-1217090,21280,Ti8C5,R-3m,C-Ti,13,0.0290606250961538,0.0,,,1450.8794226499726,171.5924835205078,-0.25,-0.25,0.0,-1.5,4.0,0.3846153846153846,-0.55,-1.8203,0.0,-2.4202,1.3984,0.0,1,0.0,15.75,3.75,0.0498398892089659,3.0,-1.0218,-0.5998
alex<agm003290098>,21283,Ti4C3,C2/m,C-Ti,7,0.0838837473214297,,,-6.424187588803842e-07,1425.7789337235456,188.74981689453125,-0.25,-0.25,0.0,-1.5,4.0,0.4285714285714285,-0.55,-0.3993,0.0,-1.6856,0.6107,0.0,1,0.0,16.5,4.5,0.0493219776102169,2.0,-1.0749,-1.2862
alex<agm002139791>,21282,Ti6C5,C2/m,C-Ti,11,0.0,,,-2.757875690444314e-07,1409.7687437635975,213.76611328125,-0.25,-0.25,0.0,-1.5,4.0,0.4545454545454545,-0.55,-0.2356,0.0,-1.8219,0.5223,0.0,1,0.0,15.0,5.0,0.0488119591218927,2.0,-1.2996,-1.5862
mp-631,21281,TiC,Fm-3m,C-Ti,2,0.0,0.0,252.64467183325303,-2.179115818298764e-06,1379.354083406677,257.81268310546875,-0.25,-0.25,0.0,-1.5,4.0,0.5,-0.55,-1.184,0.0,-2.9433,1.9196,0.0,1,0.0,18.0,6.0,0.0490791848975796,,-1.0237,-1.7593
mp-1086,33831,TaC,Fm-3m,C-Ta,2,0.0,0.0,323.9362332158224,-8.525057502271965e-06,4532.346651804755,302.8522033691406,-0.15,-0.15,0.0,-1.1,4.5,0.5,-0.45,-1.3113,0.0,-1.4477,0.6548,0.0,1,0.0,18.0,6.0,0.0444244790497973,,-0.7929,-0.1363
mp-1218000,33832,Ta4C3,R3m,C-Ta,7,0.060351112857143,0.0,,3.8628828939180773e-07,4596.0868471027525,277.66845703125,-0.15,-0.15,0.0,-1.1,4.571428571428571,0.4285714285714285,-0.45,-1.5431,0.0,-1.6665,0.8168,0.0,1,0.0,15.0,4.5,0.0458502420683991,3.0,-0.8497,-0.1234
alex<agm003271690>,33834,Ta3C2,R-3m,C-Ta,5,0.0031896929999994,,,-0.0001421239703044,4617.783753254567,269.29791259765625,-0.15,-0.15,0.0,-1.1,4.6,0.4,-0.45,-1.6694,0.0,-1.8629,1.0438,0.0,1,0.0,16.0,4.0,0.0465146523949792,1.0,-0.8191,-0.1936
alex<agm003203094>,33836,Ta2C,Pnnm,C-Ta,6,0.032764888333336,,,-4.832904678295395e-07,4661.874518027852,256.6973876953125,-0.15,-0.15,0.0,-1.1,4.666666666666667,0.3333333333333333,-0.45,-1.7419,0.0,-4.2068,3.0055,0.0,1,0.0,15.0,3.0,0.0477323918843989,3.0,-1.2013,-2.4649
alex<agm003268250>,33835,Ta2C,P-31m,C-Ta,9,0.0424666622222229,,,2.444301327205229e-05,4661.874518027852,253.0672302246093,-0.15,-0.15,0.0,-1.1,4.666666666666667,0.3333333333333333,-0.45,-0.9587,0.0,-2.9982,2.0895,0.0,1,0.0,15.0,3.0,0.0476626843680118,3.0,-0.9087,-2.0395
alex<agm003163148>,33838,Ta3C,R-3m,C-Ta,4,0.0929609674999998,,,9.341950838996985e-08,4706.919697158716,249.99801635742188,-0.15,-0.15,0.0,-1.1,4.75,0.25,-0.45,-2.2939,0.0,-2.2352,1.2614,0.0,1,0.0,14.0,2.0,0.049168162355877,1.0,-0.9738,0.0587
mp-1218120,33833,Ta3C2,P-3m1,C-Ta,20,0.0215980714999997,0.0,,,4617.783753254567,270.00299072265625,-0.15,-0.15,0.0,-1.1,4.6,0.4,-0.45,-1.9819,0.0,-1.9954,1.017,0.0,1,0.0,15.0,4.0,0.0463832570745156,3.0,-0.9784,-0.0136
alex<agm002140607>,33837,Ta2C,Pnma,C-Ta,12,0.0023824483333338,,,7.744429929606578e-08,4661.874518027852,261.26519775390625,-0.15,-0.15,0.0,-1.1,4.666666666666667,0.3333333333333333,-0.45,-1.7096,0.0,-3.5304,2.3474,0.0,1,0.0,15.0,3.0,0.0476580303360404,3.0,-1.183,-1.8208
alex<agm002139790>,33839,Ta6C5,C2/m,C-Ta,11,0.0,,,-3.353074197593304e-07,4574.617387713127,273.31298828125,-0.15,-0.15,0.0,-1.1,4.545454545454546,0.4545454545454545,-0.45,-0.1377,0.25,-2.7573,1.6338,0.0,1,0.0,13.0,5.0,0.0449072437216452,2.0,-1.1235,-2.6196
mp-1215222,113238,ZrNbC2,R-3m,C-Nb-Zr,4,0.0,0.0,,8.069084082604665e-05,5124.9585470756,248.5050201416016,-0.2249999999999999,-0.15,0.0,-1.35,4.25,0.5,-0.525,-1.5474,0.0,-2.1783,1.0728,0.6931471805599453,2,0.0,6.0,6.0,0.0409452707473356,,-1.1055,-0.6309
alex<agm001414257>,113240,ZrNbC,P3m1,C-Nb-Zr,3,0.0961927444444441,,,0.0133545679187758,5408.167906488534,170.87635803222656,-0.2249999999999999,-0.15,0.0,-1.35,4.333333333333333,0.3333333333333333,-0.525,-1.7311,0.0,-2.23,1.0938,0.6931471805599453,2,0.0,6.0,3.0,0.0426126157415813,2.0,-1.1362,-0.4989
mp-1215480,113239,Zr3NbC4,R-3m,C-Nb-Zr,8,0.0026242212500005,0.0,,,3745.9368187606815,236.2955474853516,-0.2624999999999999,-0.15,0.0,-1.425,4.125,0.5,-0.5625,-0.0961,0.5,-1.2459,0.0675,0.5623351446188083,2,0.0,6.0,6.0,0.0393488928706481,,-1.1784,-1.1498
alex<agm003305487>,113241,Zr2Nb2C3,C2/m,C-Nb-Zr,7,0.0,,,8.802234042290713e-05,5262.356446265215,195.9348297119141,-0.2249999999999999,-0.15,0.0,-1.35,4.285714285714286,0.4285714285714285,-0.525,-0.2201,0.0,-1.4699,0.6441,0.6931471805599453,2,0.0,8.5,4.5,0.0409539572964965,2.0,-0.8258,-1.2498
mp-1215182,113797,ZrTiC2,R-3m,C-Ti-Zr,4,0.0634885174999997,0.0,,1.0241927316833094e-05,1997.2748852938216,217.5446929931641,-0.275,-0.25,0.0,-1.5,4.0,0.5,-0.575,-1.5624,0.0,-2.2476,1.1703,0.6931471805599453,2,0.0,6.0,6.0,0.0427102921948002,,-1.0773,-0.6852
alex<agm003607440>,113799,ZrTiC,Pmmn,C-Ti-Zr,6,0.0491712662499992,,,0.0010459222139298,2116.289558621776,137.72462463378906,-0.275,-0.25,0.0,-1.5,4.0,0.3333333333333333,-0.575,-1.4757,0.0,-4.0267,3.3274,0.6931471805599453,2,0.0,6.0,3.0,0.0432289023966916,2.0,-0.6993,-2.551
alex<agm003658289>,113798,Zr5TiC4,C2/m,C-Ti-Zr,10,0.0870759862499976,,,9.351893133973456e-05,2330.5274461632325,157.1087646484375,-0.2916666666666667,-0.25,0.0,-1.5,4.0,0.4,-0.5916666666666667,0.7455,0.0,-0.391,-0.1961,0.4505612088663046,2,0.0,6.0,4.0,0.039607645228045,2.0,-0.5871,-1.1365
mp-1215237,113409,ZrNb2VC4,R3m,C-Nb-V-Zr,8,0.0853186223263868,0.0,,0.0004832078378224,5503.8331842370735,272.00506591796875,-0.175,-0.1,0.0,-1.325,4.375,0.5,-0.4875,-1.6524,0.0,-1.7686,0.8561,1.039720770839918,3,0.0,16.5,6.0,0.0445064361829634,1.0,-0.9125,-0.1161
alex<agm003673753>,113242,Zr5NbC5,C2/m,C-Nb-Zr,11,0.0608952590909073,,,0.0001198879201811,3338.666997176133,190.5218963623047,-0.2749999999999999,-0.15,0.0,-1.45,4.090909090909091,0.4545454545454545,-0.5750000000000001,-0.8184,0.0,-2.4787,1.775,0.4505612088663046,2,0.0,5.666666666666667,5.0,0.0389710435373131,1.0,-0.7037,-1.6603
alex<agm001003626>,113800,ZrTiC,C2/m,C-Ti-Zr,6,0.0402777062500003,,,8.518375235411297e-05,2116.289558621776,126.19891357421876,-0.275,-0.25,0.0,-1.5,4.0,0.3333333333333333,-0.575,-1.0331,0.0,-3.1655,2.1514,0.6931471805599453,2,0.0,8.0,3.0,0.0434550011431009,2.0,-1.0141,-2.1324
alex<agm003304312>,113801,Zr2Ti2C3,C2/m,C-Ti-Zr,7,0.0083758903571435,,,-7.307133447426773e-06,2054.507579386157,171.560546875,-0.275,-0.25,0.0,-1.5,4.0,0.4285714285714285,-0.575,-0.62,0.0,-1.6594,0.7757,0.6931471805599453,2,0.0,8.5,4.5,0.0423356515302708,2.0,-0.8837,-1.0394
mp-1215534,114043,Zr2NbMoC4,R3m,C-Mo-Nb-Zr,8,0.0856772151562506,0.0,,4.9592568797542265e-05,4350.78125912899,260.7021484375,-0.1875,0.0,0.3333333333333333,-1.2,4.375,0.5,-0.4875,-0.2111,0.0,-0.9804,-0.1739,1.039720770839918,3,0.0,7.5,6.0,0.0417938412379888,0.0,-1.1543,-0.7693
mp-1215364,114282,Zr4WC5,R-3m,C-W-Zr,10,0.0530129020000043,0.0,,,2906.207071574001,243.1759033203125,-0.2299999999999999,0.05,0.5,-1.3,4.2,0.5,-0.52,-1.6059,0.0,-2.342,1.2167,0.5004024235381879,2,0.0,6.0,6.0,0.0398222550545171,,-1.1253,-0.7362
alex<agm002258306>,114283,Zr2W2C3,C2/m,C-W-Zr,7,0.0057445371428581,,,0.0001938690441623,3537.2671220712564,219.84559631347656,-0.125,0.05,0.5,-1.0,4.571428571428571,0.4285714285714285,-0.4,-0.0927,0.5,-1.2365,0.4617,0.6931471805599453,2,0.0,8.5,4.5,0.0428626956396746,1.0,-0.7748,-1.1438
mp-1215358,114435,Zr4MoC5,R-3m,C-Mo-Zr,10,0.0504841271250029,0.0,,5.9006039590564216e-05,2855.189728339696,237.124740600586,-0.24,0.0,0.5,-1.3199999999999998,4.2,0.5,-0.5399999999999999,-1.5734,0.0,-2.2965,1.1751,0.5004024235381879,2,0.0,6.0,6.0,0.0398205152967737,,-1.1214,-0.7231
alex<agm002202086>,114436,Zr2Mo2C3,C2/m,C-Mo-Zr,7,0.0,,,0.0001112653417605,3678.098455478493,208.737548828125,-0.15,0.0,0.5,-1.05,4.571428571428571,0.4285714285714285,-0.4499999999999999,-0.1042,0.5,-1.1974,0.5523,0.6931471805599453,2,0.0,8.5,4.5,0.0428863203976953,2.0,-0.6451,-1.0932
mp-1215219,115209,ZrTaC2,R-3m,C-Ta-Zr,4,0.0,0.0,,0.0001690445747087,3773.694406571277,243.55157470703125,-0.2249999999999999,-0.15,0.0,-1.3,4.25,0.5,-0.525,-1.6043,0.0,-2.2406,1.1265,0.6931471805599453,2,0.0,6.0,6.0,0.0412766957824345,,-1.1141,-0.6363
alex<agm003179777>,115210,ZrTaC2,P4/mmm,C-Ta-Zr,4,0.0485626200000002,,,3.330731862445599e-05,3773.694406571277,248.1042633056641,-0.2249999999999999,-0.15,0.0,-1.3,4.25,0.5,-0.525,-0.3211,0.0,-0.3338,0.6327,0.6931471805599453,2,0.0,6.0,6.0,0.0412857993485664,,0.2989,-0.0126
alex<agm003160104>,115211,ZrTaC,P3m1,C-Ta-Zr,3,0.0889974258333321,,,0.0131644893546503,3912.053912664176,181.3389129638672,-0.2249999999999999,-0.15,0.0,-1.3,4.333333333333333,0.3333333333333333,-0.525,-1.9893,0.0,-2.1228,1.1704,0.6931471805599453,2,0.0,6.0,3.0,0.0431472577456578,1.0,-0.9524,-0.1335
alex<agm003602828>,115212,ZrTaC,Pmmn,C-Ta-Zr,6,0.0813423024999995,,,3.296414034638565e-05,3912.053912664176,178.08506774902344,-0.2249999999999999,-0.15,0.0,-1.3,4.333333333333333,0.3333333333333333,-0.525,-1.2092,0.0,-4.285,3.3856,0.6931471805599453,2,0.0,6.0,3.0,0.0422806905875379,2.0,-0.8994,-3.0758
alex<agm001041638>,115213,ZrTaC,C2/m,C-Ta-Zr,6,0.0686347558333331,,,-9.733338840160957e-06,3912.053912664176,174.32479858398438,-0.2249999999999999,-0.15,0.0,-1.3,4.333333333333333,0.3333333333333333,-0.525,-1.6919,0.0,-2.4154,1.3051,0.6931471805599453,2,0.0,9.0,3.0,0.0427651091683173,2.0,-1.1103,-0.7234
alex<agm003173081>,115214,ZrTa2C,Cmmm,C-Ta-Zr,4,0.0575101468749998,,,2.143677703246105e-05,4257.488099145345,187.94415283203125,-0.1999999999999999,-0.15,0.0,-1.2333333333333334,4.5,0.25,-0.5,-1.987,0.0,-4.1163,3.0145,0.6365141682948128,2,0.0,6.0,2.0,0.0455487860524735,1.0,-1.1018,-2.1293
alex<agm003305484>,115215,Zr2Ta2C3,C2/m,C-Ta-Zr,7,0.0,,,8.496065132145733e-05,3841.442505896093,212.10794067382807,-0.2249999999999999,-0.15,0.0,-1.3,4.285714285714286,0.4285714285714285,-0.525,-0.2155,0.0,-1.5655,0.6716,0.6931471805599453,2,0.0,8.5,4.5,0.0414235083168313,2.0,-0.8939,-1.35
mp-1217822,115781,TaVC2,R-3m,C-Ta-V,4,0.0729046737152785,0.0,,-1.5783151979225215e-06,4117.691423550036,300.9601135253906,-0.125,-0.1,0.0,-1.25,4.5,0.5,-0.45,-1.1857,0.0,0.7661,-1.542,0.6931471805599453,2,0.0,18.0,6.0,0.0490159999087317,3.0,-0.7759,-0.7661
mp-1217976,115780,Ta2VC2,R-3m,C-Ta-V,5,0.0675652260000028,0.0,,-4.097056471228795e-05,4400.305233733949,266.29400634765625,-0.1333333333333333,-0.1,0.0,-1.2,4.6,0.4,-0.45,-1.7466,0.0,-1.8167,1.0107,0.6365141682948128,2,0.0,16.0,4.0,0.0498082032950159,3.0,-0.806,-0.0702
mp-1215263,115410,ZrB2Mo3C2,Amm2,B-C-Mo-Zr,8,0.0491464376562493,0.0,,-8.657413174988848e-06,4280.520448687669,275.8549194335937,-0.075,0.0,0.5,-0.825,4.5,0.25,-0.375,0.0132,0.25,-0.7036,0.823,0.5623351446188083,2,0.0,17.5,3.0,0.0448280293809564,3.0,0.1194,-0.7169
alex<agm003407172>,115784,Ta(VC)2,R-3m,C-Ta-V,5,0.0591752714583329,,,-3.5655071377924326e-05,3998.545241378034,223.7867889404297,-0.1166666666666666,-0.1,0.0,-1.3,4.6,0.4,-0.45,-1.573,0.0,-0.4922,-0.2912,0.6365141682948128,2,0.0,16.0,4.0,0.053381182819547,3.0,-0.7834,0.4922
alex<agm001414238>,115786,TaVC,P3m1,C-Ta-V,3,0.0550061737499998,,,-8.305433634848392e-05,4295.842272786463,219.74737548828125,-0.125,-0.1,0.0,-1.25,4.666666666666667,0.3333333333333333,-0.45,-2.0225,0.0,-1.687,0.6767,0.6931471805599453,2,0.0,15.0,3.0,0.0530970057933101,1.0,-1.0103,0.3355
alex<agm003305482>,115782,Ta2V2C3,C2/m,C-Ta-V,7,0.0,,,0.0001839593658578,4204.626322045104,249.7730407714844,-0.125,-0.1,0.0,-1.25,4.571428571428571,0.4285714285714285,-0.45,-0.0748,0.5,-0.8455,0.1533,0.6931471805599453,2,0.0,16.0,4.5,0.0499082640324702,3.0,-0.6922,-0.7707
alex<agm003622443>,115783,TaV2C,Cmcm,C-Ta-V,8,0.0609839504166664,,,-5.386611851945408e-06,4141.062376615945,230.5177001953125,-0.1166666666666666,-0.1,0.0,-1.3,4.75,0.25,-0.45,-2.0477,0.0,-4.0786,3.2295,0.6365141682948128,2,0.0,14.333333333333334,3.0,0.0626836134547483,3.0,-0.8491,-2.031
mp-1217169,116291,Ti4CrC5,R-3m,C-Cr-Ti,10,0.0557220862500003,0.0,,0.0013943693073922,1810.634902226428,273.4129333496094,-0.21,-0.05,0.5,-1.42,4.2,0.5,-0.52,-0.3926,0.0,-2.4889,1.4694,0.5004024235381879,2,0.0,18.0,6.0,0.0511280128799251,3.0,-1.0195,-2.0963
alex<agm003725338>,115785,TaV3C,Pnma,C-Ta-V,20,0.0490176464166651,,,-4.788147508709085e-07,4031.887488537612,222.0056610107422,-0.1125,-0.1,0.0,-1.3249999999999995,4.8,0.2,-0.45,0.1067,0.25,-2.1271,1.2757,0.5623351446188083,2,0.0,13.25,2.25,0.0648141794315567,3.0,-0.8514,-2.2338
alex<agm002139648>,116292,TiCrC2,P6_3/mmc,C-Cr-Ti,8,0.0537755593749995,,,-0.0001507244355763,2435.994091270498,264.4615783691406,-0.15,-0.05,0.5,-1.3,4.5,0.5,-0.475,-1.941,0.0,-2.6659,1.3933,0.6931471805599453,2,0.0,18.0,6.0,0.0543136437919707,3.0,-1.2726,-0.7249
mp-1216690,116874,TiWC2,R-3m,C-Ti-W,4,0.0660419149999995,0.0,,3.996052923056004e-07,3437.6702001029216,311.911376953125,-0.1,0.05,0.5,-1.0,4.5,0.5,-0.375,-0.103,0.75,-0.6686,-0.2131,0.6931471805599453,2,0.0,18.0,6.0,0.0484370052240866,3.0,-0.8817,-0.5656
mp-1217115,116873,Ti3WC4,R-3m,C-Ti-W,8,0.0256100850000002,0.0,,-1.059009346288615e-07,2781.198549711066,284.83270263671875,-0.175,0.05,0.5,-1.25,4.25,0.5,-0.4625,-0.1427,0.75,-0.9004,-0.0528,0.5623351446188083,2,0.0,18.0,6.0,0.0487497729403366,3.0,-0.9532,-0.7576
alex<agm002258297>,116876,Ti2W2C3,C2/m,C-Ti-W,7,0.0,,,-6.2684072787963006e-09,3508.3154118132065,282.2509765625,-0.1,0.05,0.5,-1.0,4.571428571428571,0.4285714285714285,-0.375,-0.161,0.25,-1.2434,0.3453,0.6931471805599453,2,0.0,16.0,4.5,0.0501472583044623,2.0,-0.8981,-1.0824
mp-1217128,116875,Ti4WC5,R-3m,C-Ti-W,10,0.0187807000000006,0.0,,-4.943818443719792e-05,2588.39504641545,279.1953125,-0.19,0.05,0.5,-1.3,4.2,0.5,-0.4800000000000001,-1.6841,0.0,-2.4333,1.3516,0.5004024235381879,2,0.0,18.0,6.0,0.0488056644419231,3.0,-1.0817,-0.7492
alex<agm003672619>,116877,Ti5WC5,C2/m,C-Ti-W,11,0.0444546481818175,,,5.876810485623622e-05,2490.487936866307,233.4229431152344,-0.1999999999999999,0.05,0.5,-1.3333333333333333,4.181818181818182,0.4545454545454545,-0.4916666666666667,-1.0579,0.0,-2.2627,1.5647,0.4505612088663046,2,0.0,16.333333333333332,5.0,0.0491071011961789,3.0,-0.698,-1.2048
alex<agm001003616>,116878,TiWC,P2_1/c,C-Ti-W,12,0.093143150000003,,,7.939922275270279e-07,3582.4421041229257,241.9063262939453,-0.1,0.05,0.5,-1.0,4.666666666666667,0.3333333333333333,-0.375,-1.107,0.0,-1.7049,0.7087,0.6931471805599453,2,0.0,15.0,3.0,0.0526258312214852,3.0,-0.9962,-0.5979
mp-1216711,117201,TiMoC2,R-3m,C-Mo-Ti,4,0.057695589062499,0.0,,,3557.680940770454,288.1282653808594,-0.125,0.0,0.5,-1.05,4.5,0.5,-0.425,-1.4781,0.0,-2.0689,0.9928,0.6931471805599453,2,0.0,18.0,6.0,0.0486821973797064,3.0,-1.0761,-0.5908
alex<agm005103695>,117202,TiMoC2,R3m,C-Mo-Ti,4,0.0058596465625004,,,2.1228213196825727e-05,3557.680940770454,285.6068115234375,-0.125,0.0,0.5,-1.05,4.5,0.5,-0.425,-0.3313,0.0,-1.434,0.2779,0.6931471805599453,2,0.0,16.0,6.0,0.0480929163369365,0.0,-1.1561,-1.1028
alex<agm002202079>,117203,Ti2Mo2C3,C2/m,C-Mo-Ti,7,0.0,,,-3.465348955829616e-05,3671.153306033967,253.393783569336,-0.125,0.0,0.5,-1.05,4.571428571428571,0.4285714285714285,-0.425,-1.4715,0.0,0.7734,-1.5983,0.6931471805599453,2,0.0,16.0,4.5,0.0500176661485885,3.0,-0.8249,-0.7734
mp-1216707,118018,TiNbC2,R-3m,C-Nb-Ti,4,3.316195312486059e-05,0.0,,6.396261801489595e-06,5498.80308101992,267.990966796875,-0.2,-0.15,0.0,-1.35,4.25,0.5,-0.5,-0.1307,0.75,-1.3017,0.0774,0.6931471805599453,2,0.0,18.0,6.0,0.0460991844656212,3.0,-1.2243,-1.171
alex<agm001259582>,118021,TiNbC,P3m1,C-Nb-Ti,3,0.0755475961111109,,,0.0146054718618626,5891.770228940083,205.2365264892578,-0.2,-0.15,0.0,-1.35,4.333333333333333,0.3333333333333333,-0.5,-1.8671,0.0,-2.1977,1.1427,0.6931471805599453,2,0.0,15.0,3.0,0.0487723144412301,2.0,-1.055,-0.3306
mp-1217964,117372,TaB2Mo3C2,Amm2,B-C-Mo-Ta,8,0.00645668296875,0.0,,-3.384811606610028e-05,4761.269084146055,321.1357116699219,-0.0375,0.0,0.5,-0.725,4.625,0.25,-0.3374999999999999,0.1338,0.5,-0.077,0.4003,0.5623351446188083,2,0.0,15.5,3.0,0.0468145860272148,3.0,0.3233,-0.2108
alex<agm003304309>,118019,Ti2Nb2C3,C2/m,C-Nb-Ti,7,0.004031251190474,,,-1.1168430754801973e-06,5687.855728180395,232.88165283203125,-0.2,-0.15,0.0,-1.35,4.285714285714286,0.4285714285714285,-0.5,-1.5562,0.0,-1.6488,0.6507,0.6931471805599453,2,0.0,14.0,4.5,0.0469261796683257,2.0,-0.9981,-0.0925
alex<agm001978751>,118023,Ti2NbC,R-3m,C-Nb-Ti,4,0.0965588756249999,,,0.0002248378444809,4867.932402855743,178.57025146484375,-0.2166666666666666,-0.15,0.0,-1.4,4.25,0.25,-0.5166666666666667,-2.119,0.0,-2.8582,1.7829,0.6365141682948128,2,0.0,14.0,2.0,0.0516595465525243,1.0,-1.0753,-0.7392
alex<agm001003619>,118022,TiNbC,R-3m,C-Nb-Ti,6,0.0587677611111114,,,7.5068076848717e-05,5891.770228940083,185.11941528320312,-0.2,-0.15,0.0,-1.35,4.333333333333333,0.3333333333333333,-0.5,-1.8002,0.0,-2.0837,1.0523,0.6931471805599453,2,0.0,15.0,3.0,0.0481398489097857,3.0,-1.0314,-0.2835
alex<agm003672622>,118020,Ti(NbC)5,C2/m,C-Nb-Ti,11,0.0290356206060575,,,1.5902558635960432e-05,7327.237461140873,255.8015594482422,-0.1666666666666666,-0.15,0.0,-1.25,4.454545454545454,0.4545454545454545,-0.4666666666666666,-1.1958,0.0,-1.9123,1.391,0.4505612088663046,2,0.0,14.333333333333334,5.0,0.0451691686790267,3.0,-0.5213,-0.7165
alex<agm003160103>,118298,TaWC,P3m1,C-Ta-W,3,0.070797370000001,,,-5.413128897303677e-05,4418.984737150548,274.0001525878906,-0.0499999999999999,0.05,0.5,-0.8,5.0,0.3333333333333333,-0.325,-1.8222,0.0,-1.7224,0.8455,0.6931471805599453,2,0.0,15.0,3.0,0.0500705660435866,0.0,-0.8769,0.0998
alex<agm005103692>,118024,Ti2NbC,C2/m,C-Nb-Ti,4,0.0727156056249995,,,0.0001606146556718,4867.932402855743,173.87159729003906,-0.2166666666666666,-0.15,0.0,-1.4,4.25,0.25,-0.5166666666666667,-2.0803,0.0,-4.446,3.3656,0.6365141682948128,2,0.0,12.666666666666666,2.0,0.052153259702095,3.0,-1.0804,-2.3658
alex<agm003658839>,118026,Ti4NbC5,I4/m,C-Nb-Ti,10,0.0,,,2.867389002584765e-09,3350.343456516935,259.9776611328125,-0.2299999999999999,-0.15,0.0,-1.44,4.1,0.5,-0.53,-0.812,0.0,-2.2216,1.5455,0.5004024235381879,2,0.0,18.0,6.0,0.0477898167597612,3.0,-0.6761,-1.4096
alex<agm003655458>,118028,Ti5NbC4,C2/m,C-Nb-Ti,10,0.0642266155624966,,,-0.0018085767409613,3220.048606807677,192.31239318847656,-0.2333333333333333,-0.15,0.0,-1.45,4.1,0.4,-0.5333333333333333,-0.4124,0.0,-0.3239,-0.0969,0.4505612088663046,2,0.0,15.333333333333334,4.0,0.0482761523409516,3.0,-0.4208,0.0885
mp-1218023,118297,Ta4WC5,R-3m,C-Ta-W,10,0.0844036460000019,0.0,,0.000115077916456,4438.157000714963,313.1452941894531,-0.1099999999999999,0.05,0.5,-0.98,4.6,0.5,-0.4,-1.6802,0.0,-1.9467,1.0325,0.5004024235381879,2,0.0,18.0,6.0,0.0450049254621833,3.0,-0.9142,-0.2665
mp-1217924,118361,TaNbC2,R-3m,C-Nb-Ta,4,0.0154900884375024,0.0,,,5700.823853818736,295.9228820800781,-0.15,-0.15,0.0,-1.15,4.5,0.5,-0.45,-0.1166,0.5,-1.3146,-0.0454,0.6931471805599453,2,0.0,18.0,6.0,0.0440509298881505,3.0,-1.36,-1.198
alex<agm005117799>,118362,TaNbC2,R3m,C-Nb-Ta,4,0.0643338909375028,,,5.817893177552866e-05,5700.823853818736,270.3837585449219,-0.15,-0.15,0.0,-1.15,4.5,0.5,-0.45,-1.6297,0.0,-1.8322,0.8248,0.6931471805599453,2,0.0,16.0,6.0,0.0432734068205111,0.0,-1.0074,-0.2025
alex<agm001414237>,118364,TaNbC,P3m1,C-Nb-Ta,3,0.0063385950000025,,,1.694049481409861e-07,5919.337990917109,237.90382385253903,-0.15,-0.15,0.0,-1.15,4.666666666666667,0.3333333333333333,-0.45,-2.0117,0.0,-1.8056,0.7798,0.6931471805599453,2,0.0,15.0,3.0,0.0470569300895245,0.0,-1.0258,0.206
alex<agm003672621>,118027,Ti5NbC5,C2/m,C-Nb-Ti,11,0.0308100957575767,,,-3.8068616547311424e-05,3136.770212244422,224.6058807373047,-0.2333333333333333,-0.15,0.0,-1.45,4.090909090909091,0.4545454545454545,-0.5333333333333333,-1.0153,0.0,-2.4488,1.6834,0.4505612088663046,2,0.0,15.666666666666666,5.0,0.047930269516418,3.0,-0.7654,-1.4336
alex<agm003393679>,118365,Ta(NbC)2,R-3m,C-Nb-Ta,5,0.0190167404999996,,,-8.613665149197414e-05,6437.636724553668,248.34669494628903,-0.15,-0.15,0.0,-1.1666666666666667,4.6,0.4,-0.45,-1.8059,0.0,-1.8042,0.8921,0.6365141682948128,2,0.0,16.0,4.0,0.0459370974573571,3.0,-0.9121,0.0017
alex<agm002330484>,118299,Ta2W2C3,C2/m,C-Ta-W,7,0.0936210999999982,,,-0.0001317520928432,4357.504503676333,315.4565124511719,-0.0499999999999999,0.05,0.5,-0.8,4.857142857142857,0.4285714285714285,-0.325,0.0247,0.75,-0.7542,0.1685,0.6931471805599453,2,0.0,16.5,4.5,0.0478815582649265,3.0,-0.5857,-0.7788
alex<agm003604973>,118363,TaNbC,C2/m,C-Nb-Ta,6,0.0058007683333354,,,-4.25929500856031e-07,5919.337990917109,236.55992126464844,-0.15,-0.15,0.0,-1.15,4.666666666666667,0.3333333333333333,-0.45,-2.1643,0.0,-1.8249,0.8398,0.6931471805599453,2,0.0,15.0,3.0,0.0470640332809609,3.0,-0.9851,0.3395
alex<agm003305481>,118366,Ta2Nb2C3,C2/m,C-Nb-Ta,7,0.0216319228571428,,,-3.621110874855841e-05,5807.832913871918,252.4267425537109,-0.15,-0.15,0.0,-1.15,4.571428571428571,0.4285714285714285,-0.45,-1.4308,0.0,-2.7842,1.8087,0.6931471805599453,2,0.0,14.0,4.5,0.0450583073956103,2.0,-0.9755,-1.3534
alex<agm003658520>,118367,TaNb5C4,C2/m,C-Nb-Ta,10,0.0414340719999994,,,1.4381582371442374e-05,7181.3839774330045,242.7624053955078,-0.15,-0.15,0.0,-1.1833333333333331,4.6,0.4,-0.45,0.4498,0.0,-0.2278,-0.4341,0.4505612088663046,2,0.0,15.333333333333334,4.0,0.0453391625294203,3.0,-0.6619,-0.6776
alex<agm003563032>,118025,Ti5NbC3,C2/m,C-Nb-Ti,18,0.0257529965972249,,,2.301532071236093e-06,3308.759007029232,167.8187255859375,-0.2333333333333333,-0.15,0.0,-1.45,4.111111111111111,0.3333333333333333,-0.5333333333333333,-0.7886,0.0,-1.5579,0.4712,0.4505612088663046,2,0.0,14.0,3.0,0.0495841739430422,3.0,-1.0867,-0.7694
mp-1217904,119467,TaTiC2,R-3m,C-Ta-Ti,4,0.0,0.0,,4.822492576035886e-06,3785.642329494802,261.87261962890625,-0.2,-0.15,0.0,-1.3,4.25,0.5,-0.5,-0.1908,0.5,-1.4014,0.0615,0.6931471805599453,2,0.0,18.0,6.0,0.0465042710757452,3.0,-1.3399,-1.2106
alex<agm001413102>,119471,TaTiC,P3m1,C-Ta-Ti,3,0.0444807637500002,,,0.0133239413835687,3949.507249188396,206.8522491455078,-0.2,-0.15,0.0,-1.3,4.333333333333333,0.3333333333333333,-0.5,-2.0038,0.0,-2.0278,1.006,0.6931471805599453,2,0.0,15.0,3.0,0.0492626518475651,1.0,-1.0218,-0.024
alex<agm003304308>,119469,Ta2Ti2C3,C2/m,C-Ta-Ti,7,0.0081205380952376,,,6.444805185816916e-07,3865.5813880375526,228.7338256835937,-0.2,-0.15,0.0,-1.3,4.285714285714286,0.4285714285714285,-0.5,-2.0294,0.0,-2.5914,1.5056,0.6931471805599453,2,0.0,14.0,4.5,0.0473882733871474,2.0,-1.0858,-0.562
alex<agm001003617>,119472,TaTiC,C2/m,C-Ta-Ti,6,0.0434916937500009,,,0.00015894158971,3949.507249188396,206.23654174804688,-0.2,-0.15,0.0,-1.3,4.333333333333333,0.3333333333333333,-0.5,-1.9319,0.0,-3.2073,2.1207,0.6931471805599453,2,0.0,15.0,3.0,0.0491117515678495,3.0,-1.0866,-1.2755
alex<agm003559547>,119473,TaTi3C4,Cmmm,C-Ta-Ti,8,0.0,,,6.379679517626401e-05,3012.2326510350417,258.5486755371094,-0.225,-0.15,0.0,-1.4,4.125,0.5,-0.525,-0.602,0.0,-0.1925,0.2733,0.5623351446188083,2,0.0,18.0,6.0,0.0477297634259194,3.0,0.0808,0.1925
alex<agm003672620>,119470,Ta(TiC)5,C2/m,C-Ta-Ti,11,0.0105511551515142,,,1.096341890831438e-06,2667.948186643702,218.2653045654297,-0.2333333333333333,-0.15,0.0,-1.4333333333333331,4.090909090909091,0.4545454545454545,-0.5333333333333333,-0.9811,0.0,-2.4038,1.6901,0.4505612088663046,2,0.0,15.666666666666666,5.0,0.0480851707185568,3.0,-0.7137,-1.4227
alex<agm003725301>,119468,TaTi3C,C2/m,C-Ta-Ti,10,0.0927913378333329,,,-1.7064261447532002e-06,3281.192512778867,149.01235961914062,-0.225,-0.15,0.0,-1.4,4.2,0.2,-0.525,-1.6812,0.0,-3.0276,2.4725,0.5623351446188083,2,0.0,13.25,1.5,0.052465062074564,3.0,-0.5551,-1.3464
alex<agm003658285>,119474,Ta5TiC4,C2/m,C-Ta-Ti,10,0.0537115169999999,,,-5.682842099767513e-05,4440.474963653596,255.4114532470703,-0.1666666666666666,-0.15,0.0,-1.1666666666666667,4.5,0.4,-0.4666666666666666,0.3023,0.0,-0.5585,-0.1598,0.4505612088663046,2,0.0,15.333333333333334,4.0,0.0468507688734303,3.0,-0.7183,-0.8608
mp-1216390,119585,VCrC,P2_12_12,C-Cr-V,12,0.0466460593518505,0.0,,,3413.62560385843,238.2371063232422,-0.075,-0.05,0.5,-1.25,5.0,0.3333333333333333,-0.425,-0.5494,0.0,-2.2353,1.3332,0.6931471805599453,2,0.0,15.0,3.0,0.0642940724087507,3.0,-0.9021,-1.6859
alex<agm003767089>,119590,V6CrC,P-1,C-Cr-V,8,0.0972955515624995,,,0.0005676455092474,3404.237022657293,199.29171752929688,-0.0928571428571428,-0.05,0.5,-1.357142857142857,5.0,0.125,-0.4428571428571429,-1.5783,0.0,-2.4168,1.8797,0.410116318288409,2,0.0,13.428571428571429,0.8571428571428571,0.0704367208325791,3.0,-0.5371,-0.8385
alex<agm003622489>,119588,VCr2C,Cmcm,C-Cr-V,8,0.0745348938888916,,,0.000233613673641,3627.402117112045,283.5807800292969,-0.0666666666666666,-0.05,0.5,-1.2,5.25,0.25,-0.4166666666666667,-1.9975,0.0,1.3597,-2.0732,0.6365141682948128,2,0.0,14.333333333333334,3.0,0.0745690580018166,3.0,-0.7135,-1.3597
alex<agm003724199>,119589,V3CrC,C2/m,C-Cr-V,10,0.066032907499995,,,1.1228881688210224e-06,3407.2233113946186,214.1977081298828,-0.0875,-0.05,0.5,-1.3249999999999995,5.0,0.2,-0.4375,-1.7692,0.0,-2.8449,2.0676,0.5623351446188083,2,0.0,14.0,1.5,0.0683645765287579,3.0,-0.7773,-1.0757
mp-1218024,119918,Ta2Ti2NbC5,R3m,C-Nb-Ta-Ti,10,0.037312064374996,0.0,,0.0001636402370126,4483.988529513866,275.1499938964844,-0.19,-0.15,0.0,-1.28,4.3,0.5,-0.49,-1.792,0.0,-1.7895,0.8285,1.0549201679861442,3,0.0,18.0,6.0,0.0459377125835677,3.0,-0.961,0.0025
alex<agm001040912>,119587,VCrC,P2_1/c,C-Cr-V,12,0.0569294826851827,,,0.0007035460480447,3413.62560385843,248.85232543945312,-0.075,-0.05,0.5,-1.25,5.0,0.3333333333333333,-0.425,-1.0145,0.0,-1.0231,0.2462,0.6931471805599453,2,0.0,15.0,3.0,0.0642424937238059,3.0,-0.7769,-0.0086
alex<agm004811147>,119919,Ta2TiNbC4,P2/m,C-Nb-Ta-Ti,8,0.0040998179687505,,,2.1287307941859806e-06,4821.548615779058,278.5758361816406,-0.175,-0.15,0.0,-1.225,4.375,0.5,-0.475,-0.0776,0.25,0.2506,0.3003,1.039720770839918,3,0.0,18.0,6.0,0.0451959828002667,3.0,0.5509,-0.2506
alex<agm004811149>,119920,TaTi2NbC4,P2/m,C-Nb-Ta-Ti,8,0.0069546348437441,,,5.871218879659335e-05,4461.645568219949,264.51324462890625,-0.2,-0.15,0.0,-1.325,4.25,0.5,-0.5,-0.5033,0.0,-0.0988,0.2207,1.039720770839918,3,0.0,18.0,6.0,0.0463340479286447,3.0,0.1219,0.0988
alex<agm004811148>,119921,TaTi(NbC2)2,P2/m,C-Nb-Ta-Ti,8,0.0176205671874924,,,2.891654334891478e-06,5628.867735747285,277.71844482421875,-0.175,-0.15,0.0,-1.25,4.375,0.5,-0.475,-0.058,0.25,0.2644,0.2607,1.039720770839918,3,0.0,18.0,6.0,0.0449189023987123,3.0,0.5251,-0.2644
alex<agm004623510>,119922,Ta2Ti3NbC6,C2/m,C-Nb-Ta-Ti,12,0.0045386948958334,,,8.803648328750386e-07,4206.721675659846,263.5933532714844,-0.1999999999999999,-0.15,0.0,-1.3166666666666669,4.25,0.5,-0.5000000000000001,-0.1322,0.25,-2.2486,1.5171,1.0114042647073516,3,0.0,18.0,6.0,0.0463756716511297,3.0,-0.7315,-2.1164
mp-1220515,121745,Nb4C3,R-3m,C-Nb,7,0.0515901192857146,0.0,,,8066.378413336171,261.3822937011719,-0.15,-0.15,0.0,-1.2,4.571428571428571,0.4285714285714285,-0.45,-1.6982,0.0,-1.7319,0.8293,0.0,1,0.0,15.0,4.5,0.0449899146614966,2.0,-0.9026,-0.0338
mp-1220501,121746,Nb4C3,R3m,C-Nb,7,0.0872938921428563,0.0,,0.000443210435428,8066.378413336171,255.5455474853516,-0.15,-0.15,0.0,-1.2,4.571428571428571,0.4285714285714285,-0.45,-1.6907,0.0,-1.7515,0.8642,0.0,1,0.0,15.0,4.5,0.0450540734166383,3.0,-0.8873,-0.0608
alex<agm003290134>,121747,Nb4C3,C2/m,C-Nb,7,0.0773707721428564,,,6.376458842366153e-08,8066.378413336171,245.0826110839844,-0.15,-0.15,0.0,-1.2,4.571428571428571,0.4285714285714285,-0.45,-0.2523,0.0,-1.3242,0.5487,0.0,1,0.0,12.5,4.5,0.04474707968871,2.0,-0.7755,-1.0719
mp-2318,121748,Nb2C,P-3m1,C-Nb,3,0.0181807066666674,0.0,219.28374205106303,2.816080574573813e-07,8296.071851134338,224.34375,-0.15,-0.15,0.0,-1.2,4.666666666666667,0.3333333333333333,-0.45,-2.0132,0.0,-1.9132,0.8676,0.0,1,0.0,15.0,3.0,0.0465467878207266,0.0,-1.0456,0.0999
mp-910,121753,NbC,Fm-3m,C-Nb,2,0.0410321168749998,0.0,300.1480448905786,-1.4557322691495426e-06,7849.832400977992,312.4755859375,-0.15,-0.15,0.0,-1.2,4.5,0.5,-0.45,-1.402,0.0,-1.5782,1.0316,0.0,1,0.0,18.0,6.0,0.0437156839302642,,-0.5466,-0.1762
mp-569989,121749,Nb2C,Pnma,C-Nb,12,0.0,0.0,227.68831494426644,,8296.071851134338,235.2206420898437,-0.15,-0.15,0.0,-1.2,4.666666666666667,0.3333333333333333,-0.45,-1.653,0.0,-2.7909,1.8884,0.0,1,0.0,15.0,3.0,0.0466905492799992,3.0,-0.9025,-1.1379
alex<agm002140286>,121750,Nb2C,Pbcn,C-Nb,12,0.0098918824999998,,,3.275141639656055e-08,8296.071851134338,235.7694396972656,-0.15,-0.15,0.0,-1.2,4.666666666666667,0.3333333333333333,-0.45,-0.8335,0.0,-1.3849,0.5272,0.0,1,0.0,15.0,3.0,0.0467877377795321,3.0,-0.8577,-0.5515
mp-2760,121751,Nb6C5,C2/m,C-Nb,11,0.0,0.0,238.860830260856,1.214859139679797e-05,7992.792412556487,250.3812255859375,-0.15,-0.15,0.0,-1.2,4.545454545454546,0.4545454545454545,-0.45,-0.2323,0.0,-1.3686,0.5838,0.0,1,0.0,13.0,5.0,0.0439079262606015,2.0,-0.7848,-1.1363
mp-32679,121752,Nb10C7,C2/m,C-Nb,17,0.0394414623529417,0.0,227.19733118910383,,8111.2278999903965,235.12252807617188,-0.15,-0.15,0.0,-1.2,4.588235294117647,0.4117647058823529,-0.45,-0.5826,0.0,-1.5514,0.7955,0.0,1,0.0,12.2,4.2,0.044480980400297,3.0,-0.7559,-0.9688
alex<agm005217805>,121755,Nb3C2,R-3c,C-Nb,10,0.0325197265000003,,,7.428460275605049e-06,8141.424111881414,237.4724273681641,-0.15,-0.15,0.0,-1.2,4.6,0.4,-0.45,-0.2689,0.0,-0.8295,0.248,0.0,1,0.0,12.0,4.0,0.0453923634232051,3.0,-0.5815,-0.5606
mp-1221498,124799,Mo2C,P-3m1,C-Mo,3,0.0675996650000012,0.0,,0.0001007680985064,5017.243797779889,283.8311767578125,0.0,0.0,1.0,-0.6,5.333333333333333,0.3333333333333333,-0.3,-1.7162,0.0,9.3941,-10.072,0.0,1,0.0,15.0,3.0,0.0525600387537035,1.0,-0.6779,-9.3941
alex<agm003287147>,121754,Nb3C2,Fddd,C-Nb,20,0.0098443384999988,,,-2.11145352236202e-06,8141.424111881414,234.1155700683593,-0.15,-0.15,0.0,-1.2,4.6,0.4,-0.45,-0.6745,0.0,-2.7037,1.7791,0.0,1,0.0,11.0,4.0,0.045036335337937,3.0,-0.9246,-2.0292
mp-2305,124804,MoC,P-6m2,C-Mo,2,0.0023879768749992,0.0,349.84814051497244,-9.417242664197564e-06,4765.947325955274,356.3347473144531,0.0,0.0,1.0,-0.6,5.0,0.5,-0.3,-0.0753,0.25,-0.6726,-0.0751,0.0,1,0.0,14.0,6.0,0.0476340143679146,,-0.7477,-0.5973
alex<agm002140206>,124803,Mo2C,Pnnm,C-Mo,6,0.0,,,1.6034514513809222e-05,5017.243797779889,285.5858154296875,0.0,0.0,1.0,-0.6,5.333333333333333,0.3333333333333333,-0.3,-1.9048,0.0,-1.8306,1.0353,0.0,1,0.0,15.0,3.0,0.0529148239049887,3.0,-0.7953,0.0742
mp-1552,124800,Mo2C,Pbcn,C-Mo,12,0.001189965,0.0,294.3365694125607,-2.596072282207976e-05,5017.243797779889,290.691162109375,0.0,0.0,1.0,-0.6,5.333333333333333,0.3333333333333333,-0.3,-0.9279,0.0,-1.1739,0.1486,0.0,1,0.0,15.0,3.0,0.0528341556835935,3.0,-1.0253,-0.246
alex<agm005217806>,124805,Mo3C2,R-3c,C-Mo,10,0.0683708527500002,,,-3.5097693703164755e-05,4930.252044789434,287.2239990234375,0.0,0.0,1.0,-0.6,5.2,0.4,-0.3,-0.195,0.25,-0.2995,-0.0487,0.0,1,0.0,16.0,4.0,0.050517238924174,3.0,-0.3482,-0.1045
alex<agm002140205>,124802,Mo2C,P-31m,C-Mo,9,0.02096867611111,,,1.8814423154845538e-05,5017.243797779888,290.865478515625,0.0,0.0,1.0,-0.6,5.333333333333333,0.3333333333333333,-0.3,-0.794,0.0,-1.0806,0.4351,0.0,1,0.0,15.0,3.0,0.0526744152182193,3.0,-0.6455,-0.2865
mp-1221393,127197,MoWC2,Pmm2,C-Mo-W,4,0.0014415709374979,0.0,,5.0524277879655375e-05,4315.334623211084,370.4878540039063,0.025,0.0,1.0,-0.55,5.0,0.5,-0.25,-1.0467,0.0,4.1618,-4.9063,0.6931471805599453,2,0.0,14.0,6.0,0.0474406365067186,2.0,-0.7445,-4.1618
alex<agm003191694>,127198,MoWC2,Imm2,C-Mo-W,4,0.0179390609374987,,,-0.0001644593116226,4315.334623211084,372.2567138671875,0.025,0.0,1.0,-0.55,5.0,0.5,-0.25,-1.0534,0.0,1.0244,-1.692,0.6931471805599453,2,0.0,14.0,6.0,0.0474438355769962,1.0,-0.6676,-1.0244
mp-1224274,130326,HfTiC2,R-3m,C-Hf-Ti,4,0.0455638350000011,0.0,,1.1406113657113135e-05,2207.346560246411,225.96221923828125,-0.275,-0.25,0.0,-1.525,4.0,0.5,-0.575,-0.2316,0.0,-2.4154,0.8214,0.6931471805599453,2,0.0,18.0,6.0,0.0438781050448928,3.0,-1.594,-2.1838
alex<agm001041911>,127200,MoWC,P2_1/c,C-Mo-W,12,0.0228120357843142,,,-4.214798950116593e-06,4472.38157350457,301.2221069335937,0.025,0.0,1.0,-0.55,5.333333333333333,0.3333333333333333,-0.25,-0.7465,0.0,-1.5202,0.4574,0.6931471805599453,2,0.0,15.0,3.0,0.052684986875681,3.0,-1.0628,-0.7737
alex<agm001413103>,130328,HfTiC,P3m1,C-Hf-Ti,3,0.0834240929166671,,,7.04786243331116e-06,2293.375109127621,139.38095092773438,-0.275,-0.25,0.0,-1.525,4.0,0.3333333333333333,-0.575,-1.7869,0.0,-1.9005,0.9394,0.6931471805599453,2,0.0,12.0,3.0,0.0443959839374313,0.0,-0.9611,-0.1136
alex<agm001927562>,130327,HfTi2C,R-3m,C-Hf-Ti,4,0.088212903854167,,,9.93564509928922e-07,2177.422059589561,146.57237243652344,-0.2666666666666666,-0.25,0.0,-1.5166666666666666,4.0,0.25,-0.5666666666666668,-2.0792,0.0,-2.8656,1.8124,0.6365141682948128,2,0.0,14.0,2.0,0.048387881960005,1.0,-1.0532,-0.7863
alex<agm003599639>,130329,HfTiC,Pmmn,C-Hf-Ti,6,0.0558832912499998,,,2.5274795045424743e-06,2293.375109127621,157.1279754638672,-0.275,-0.25,0.0,-1.525,4.0,0.3333333333333333,-0.575,-1.5006,0.0,-4.2664,3.3779,0.6931471805599453,2,0.0,10.0,3.0,0.0445567123230576,2.0,-0.8885,-2.7658
alex<agm003555485>,130331,Hf3TiC4,Cmmm,C-Hf-Ti,8,0.0371630312499995,,,-2.28874870374164e-07,2364.393982829353,235.13917541503903,-0.2875,-0.25,0.0,-1.5375,4.0,0.5,-0.5874999999999999,-0.8283,0.0,-1.3868,0.9391,0.5623351446188083,2,0.0,6.0,6.0,0.0416136127995168,,-0.4477,-0.5585
alex<agm003658840>,130330,Hf4TiC5,I4/m,C-Hf-Ti,10,0.0307787849999989,,,-1.1440605551976065e-05,2388.315515455106,236.9151153564453,-0.29,-0.25,0.0,-1.54,4.0,0.5,-0.5900000000000001,-0.8487,0.0,-2.9822,2.1655,0.5004024235381879,2,0.0,6.0,6.0,0.0412155254150642,,-0.8167,-2.1335
alex<agm003392981>,130333,Hf2TiC2,Pmmn,C-Hf-Ti,10,0.0806893834999975,,,-2.5775376033244297e-06,2370.764318378318,179.208984375,-0.2833333333333333,-0.25,0.0,-1.5333333333333332,4.0,0.4,-0.5833333333333334,-0.8512,0.0,-4.2103,3.5223,0.6365141682948128,2,0.0,6.0,4.0,0.0425336238318713,1.0,-0.688,-3.3591
alex<agm003393228>,130336,Hf(TiC)2,R-3m,C-Hf-Ti,5,0.0555437550416648,,,0.0002486228379324,2109.870261201011,169.79751586914062,-0.2666666666666666,-0.25,0.0,-1.5166666666666666,4.0,0.4,-0.5666666666666668,-1.7907,0.0,-2.1476,1.1429,0.6365141682948128,2,0.0,14.0,4.0,0.0452290969361437,3.0,-1.0047,-0.3569
alex<agm003658288>,130332,HfTi5C4,C2/m,C-Hf-Ti,10,0.067350346208336,,,-6.308295632357904e-07,1869.696510469279,165.44384765625,-0.2583333333333333,-0.25,0.0,-1.5083333333333335,4.0,0.4,-0.5583333333333333,-0.6519,0.0,-2.8594,2.0241,0.4505612088663046,2,0.0,15.333333333333334,4.0,0.0470183524756279,3.0,-0.8353,-2.2075
alex<agm003672625>,130334,Hf5TiC5,C2/m,C-Hf-Ti,11,0.0899355810606117,,,-2.4056277151612764e-07,2426.085085475832,203.31753540039065,-0.2916666666666667,-0.25,0.0,-1.5416666666666667,4.0,0.4545454545454545,-0.5916666666666667,-0.9919,0.0,-2.6887,1.8146,0.4505612088663046,2,0.0,7.0,5.0,0.0411218412934885,3.0,-0.8741,-1.6968
alex<agm003304311>,130338,Hf2Ti2C3,C2/m,C-Hf-Ti,7,0.0022731411309511,,,2.785317578426576e-05,2249.3037796107224,175.90843200683594,-0.275,-0.25,0.0,-1.525,4.0,0.4285714285714285,-0.575,-0.6042,0.0,-1.5438,0.5277,0.6931471805599453,2,0.0,8.5,4.5,0.0435426986853871,2.0,-1.0161,-0.9396
alex<agm003658287>,130335,Hf5TiC4,C2/m,C-Hf-Ti,10,0.087983719124999,,,5.192698748168907e-07,2449.4911670830807,183.64404296875,-0.2916666666666667,-0.25,0.0,-1.5416666666666667,4.0,0.4,-0.5916666666666667,-1.0994,0.0,-0.5723,0.1581,0.4505612088663046,2,0.0,8.0,4.0,0.041321210206617,3.0,-0.4142,0.5271
alex<agm003672624>,130337,Hf(TiC)5,C2/m,C-Hf-Ti,11,0.0699002680302953,,,-8.635043346042651e-05,1835.271413131162,200.88853454589844,-0.2583333333333333,-0.25,0.0,-1.5083333333333335,4.0,0.4545454545454545,-0.5583333333333333,-0.9173,0.0,-2.6969,1.7925,0.4505612088663046,2,0.0,15.666666666666666,5.0,0.0468193205651304,3.0,-0.9044,-1.7796
mp-1224170,130765,HfZrC2,P4/mmm,C-Hf-Zr,4,0.0041875393749979,0.0,,,2428.2640090367045,231.7734222412109,-0.3,-0.3,0.0,-1.525,4.0,0.5,-0.6,-0.0839,0.25,-1.2501,0.8708,0.6931471805599453,2,0.0,6.0,6.0,0.038815483775676,,-0.3793,-1.1662
alex<agm001954808>,130766,HfZrC2,R-3m,C-Hf-Zr,4,0.0036311118749985,,,2.3624121719469925e-05,2428.2640090367045,230.53970336914065,-0.3,-0.3,0.0,-1.525,4.0,0.5,-0.6,-1.6668,0.0,-2.4009,1.2729,0.6931471805599453,2,0.0,6.0,6.0,0.0388618550990026,,-1.128,-0.7341
alex<agm001414267>,130767,HfZrC,P3m1,C-Hf-Zr,3,0.0623914891666661,,,-5.766280320721378e-07,2510.471215338947,150.67294311523438,-0.3,-0.3,0.0,-1.525,4.0,0.3333333333333333,-0.6,-1.8279,0.0,-2.1847,1.0543,0.6931471805599453,2,0.0,6.0,3.0,0.038961353556016,0.0,-1.1304,-0.3568
alex<agm001044886>,130768,HfZrC,C2/m,C-Hf-Zr,6,0.062228090833333,,,0.0001718553348094,2510.471215338947,148.84474182128906,-0.3,-0.3,0.0,-1.525,4.0,0.3333333333333333,-0.6,-1.7155,0.0,-2.1041,0.9917,0.6931471805599453,2,0.0,6.0,3.0,0.0390662434631302,2.0,-1.1124,-0.3886
alex<agm003653066>,130769,HfZr4C5,I4/mmm,C-Hf-Zr,10,0.0018033789999911,,,-5.988417457789534e-07,2391.01078069964,230.3553771972656,-0.3,-0.3,0.0,-1.51,4.0,0.5,-0.6,-0.1385,0.25,-1.255,0.8764,0.5004024235381879,2,0.0,6.0,6.0,0.0383381400075596,,-0.3786,-1.1166
alex<agm003398134>,130772,Hf(ZrC)2,Immm,C-Hf-Zr,5,0.0617069584166642,,,8.767727999790292e-07,2468.960363092836,156.11221313476562,-0.3,-0.3,0.0,-1.5166666666666666,4.0,0.4,-0.6,-1.1734,0.0,-4.5326,3.6762,0.6365141682948128,2,0.0,5.333333333333333,4.0,0.0385677185061895,3.0,-0.8564,-3.3591
alex<agm003658529>,130770,Hf5ZrC4,C2/m,C-Hf-Zr,10,0.0696220356250005,,,7.477553260284221e-07,2502.211653430476,173.6792755126953,-0.3,-0.3,0.0,-1.5416666666666667,4.0,0.4,-0.6,-0.2671,0.0,-1.5882,1.1477,0.4505612088663046,2,0.0,5.333333333333333,4.0,0.0395637738409016,2.0,-0.4405,-1.3212
alex<agm003560434>,130771,Hf3ZrC4,Pm-3m,C-Hf-Zr,8,0.0,,,-2.575079132879199e-07,2450.475207517953,235.54446411132807,-0.3,-0.3,0.0,-1.5375,4.0,0.5,-0.6,-0.7503,0.0,-1.1854,0.8638,0.5623351446188083,2,0.0,6.0,6.0,0.0393141852347969,,-0.3216,-0.4351
alex<agm003398133>,130776,Hf2ZrC2,R-3m,C-Hf-Zr,5,0.0508814290000021,,,0.0008939488223725,2493.17614003821,165.58749389648438,-0.3,-0.3,0.0,-1.5333333333333332,4.0,0.4,-0.6,-1.6817,0.0,-2.1391,0.9892,0.6365141682948128,2,0.0,4.0,4.0,0.0390614584750591,,-1.1499,-0.4573
alex<agm003673761>,130773,Hf(ZrC)5,C2/m,C-Hf-Zr,11,0.0469705275757537,,,-6.031052379232189e-05,2418.455482402631,187.4112548828125,-0.3,-0.3,0.0,-1.5083333333333335,4.0,0.4545454545454545,-0.6,-0.9172,0.0,-2.7864,1.8967,0.4505612088663046,2,0.0,5.0,5.0,0.0382887494758666,,-0.8897,-1.8691
alex<agm003562799>,130774,HfZr3C4,Pm-3m,C-Hf-Zr,8,0.0,,,-6.255068656736956e-06,2398.3028551505304,229.83331298828125,-0.3,-0.3,0.0,-1.5125,4.0,0.5,-0.6,-0.7467,0.0,-1.3742,0.9658,0.5623351446188083,2,0.0,6.0,6.0,0.0383334988353363,,-0.4084,-0.6275
alex<agm003308340>,130777,Hf2Zr2C3,C2/m,C-Hf-Zr,7,0.0137577641666641,,,0.0001010113273532,2468.5097194401487,173.7218017578125,-0.3,-0.3,0.0,-1.525,4.0,0.4285714285714285,-0.6,-0.2349,0.0,-1.6312,0.5572,0.6931471805599453,2,0.0,5.5,4.5,0.0386210125860766,1.0,-1.074,-1.3963
alex<agm003658528>,130775,HfZr5C4,C2/m,C-Hf-Zr,10,0.0457533230833338,,,8.424981478713076e-05,2452.2090878408467,160.77859497070312,-0.3,-0.3,0.0,-1.5083333333333335,4.0,0.4,-0.6,-0.502,0.0,-0.5503,0.1515,0.4505612088663046,2,0.0,4.666666666666667,4.0,0.0383351575818183,1.0,-0.3988,-0.0483
alex<agm003660424>,130778,Hf4ZrC5,I4/m,C-Hf-Zr,10,0.0014098379999989,,,2.1275908514728813e-05,2454.245395050492,232.81658935546875,-0.3,-0.3,0.0,-1.54,4.0,0.5,-0.6,-0.9211,0.0,-2.8828,1.8801,0.5004024235381879,2,0.0,6.0,6.0,0.0394495077746669,,-1.0027,-1.9617
mp-1224360,131034,HfNb2VC4,R3m,C-Hf-Nb-V,8,0.0766215101388869,0.0,,0.0002587012820947,4956.859334685496,274.0970458984375,-0.175,-0.1,0.0,-1.3375,4.375,0.5,-0.4875,-0.2063,0.0,-2.0928,0.7633,1.039720770839918,3,0.0,16.5,6.0,0.0450720681630939,2.0,-1.3295,-1.8865
mp-1224304,131524,HfTa2VC4,R3m,C-Hf-Ta-V,8,0.0653252856076385,0.0,,-9.649702996840462e-06,3751.186203495359,275.1921081542969,-0.175,-0.1,0.0,-1.2875,4.375,0.5,-0.4875,-1.103,0.0,0.8885,-1.6936,1.039720770839918,3,0.0,16.5,6.0,0.0454317494467077,2.0,-0.8051,-0.8885
mp-1226023,135282,Cr6BC3,Amm2,B-C-Cr,10,0.0331043187000013,0.0,,,3675.2221519609984,297.5504150390625,-0.05,-0.05,1.0,-1.1,5.1,0.3,-0.4000000000000001,-0.4946,0.0,-0.127,-0.2777,0.0,1,0.0,16.166666666666668,3.333333333333333,0.0659111437787657,3.0,-0.4047,0.127
mp-1894,145189,WC,P-6m2,C-W,2,0.0,0.0,385.1942481675284,,4066.961976648539,397.011474609375,0.05,0.05,1.0,-0.5,5.0,0.5,-0.2,-0.2842,0.0,-0.5196,-0.2051,0.0,1,0.0,14.0,6.0,0.0472373513355224,,-0.7247,-0.2354
mp-33065,145191,W2C,Pnnm,C-W,6,0.07074405,0.0,333.4274177258285,,4179.795159586474,341.55426025390625,0.05,0.05,1.0,-0.5,5.333333333333333,0.3333333333333333,-0.2,-1.4064,0.0,-0.96,0.2711,0.0,1,0.0,15.0,3.0,0.0525908673778066,3.0,-0.6889,0.4464
mp-2034,145190,W2C,Pbcn,C-W,12,0.0657635308333315,0.0,334.1754456048781,-1.043838712842964e-06,4179.795159586474,345.614990234375,0.05,0.05,1.0,-0.5,5.333333333333333,0.3333333333333333,-0.2,-0.5389,0.0,-1.0981,0.0567,0.0,1,0.0,15.0,3.0,0.0525532391613827,3.0,-1.0414,-0.5592
mp-21075,147964,HfC,Fm-3m,C-Hf,2,0.0,0.0,236.17053397016863,5.96648728608677e-08,2467.5990691897723,243.2792358398437,-0.3,-0.3,0.0,-1.55,4.0,0.5,-0.6,-0.5369,0.0,-3.9612,2.8948,0.0,1,0.0,6.0,6.0,0.0397496742458613,,-1.0664,-3.4243
alex<agm002140084>,147967,Hf2C,P-3m1,C-Hf,3,0.0514732883333337,,,0.0001105698305727,2531.6446999883738,170.5208282470703,-0.3,-0.3,0.0,-1.55,4.0,0.3333333333333333,-0.6,-1.8477,0.0,-2.5102,1.3615,0.0,1,0.0,6.0,3.0,0.0402298861543239,1.0,-1.1487,-0.6625
alex<agm002140086>,147965,Hf2C,Pnma,C-Hf,12,0.0563679066666651,,,-7.026705380786727e-07,2531.6446999883738,168.63327026367188,-0.3,-0.3,0.0,-1.55,4.0,0.3333333333333333,-0.6,-1.4898,0.0,-2.8058,2.0085,0.0,1,0.0,5.0,3.0,0.0402676526119583,2.0,-0.7973,-1.316
alex<agm003287275>,147969,Hf3C2,R-3m,C-Hf,5,0.0245098317499987,,,0.0007938235040197,2509.837863459564,191.4671325683593,-0.3,-0.3,0.0,-1.55,4.0,0.4,-0.6,-1.8045,0.0,-2.2222,1.0633,0.0,1,0.0,4.0,4.0,0.0399559499816333,,-1.1589,-0.4178
alex<agm002140085>,147966,Hf2C,Fd-3m,C-Hf,12,0.0,,,-3.769267578353034e-07,2531.6446999883738,160.14382934570312,-0.3,-0.3,0.0,-1.55,4.0,0.3333333333333333,-0.6,-1.4224,0.0,-3.4186,2.4836,0.0,1,0.0,6.0,3.0,0.0401519849433415,3.0,-0.935,-1.9962
alex<agm002139785>,147968,Hf6C5,C2/m,C-Hf,11,0.0,,,2.831628296009095e-07,2488.4941867482,212.450439453125,-0.3,-0.3,0.0,-1.55,4.0,0.4545454545454545,-0.6,-1.0861,0.0,-1.9629,0.5306,0.0,1,0.0,5.0,5.0,0.0396957237855309,,-1.4323,-0.8768
mp-2795,152237,ZrC,Fm-3m,C-Zr,2,0.0,0.0,221.2519635128413,7.017701416677299e-06,2355.678371710287,226.4776153564453,-0.3,-0.3,0.0,-1.5,4.0,0.5,-0.6,-0.2522,0.0,-3.7876,2.7427,0.0,1,0.0,6.0,6.0,0.0379346914353092,,-1.0449,-3.5354
alex<agm003161181>,152239,Zr2C,R-3m,C-Zr,3,0.0201693183333322,,,3.825702213716665e-08,2470.293949306459,135.73455810546875,-0.3,-0.3,0.0,-1.5,4.0,0.3333333333333333,-0.6,-1.7388,0.0,-2.1771,1.1232,0.0,1,0.0,6.0,3.0,0.0382570222361541,1.0,-1.0539,-0.4382
alex<agm003194977>,152242,Zr3C2,P-3m1,C-Zr,5,0.0209486077499985,,,0.0002060391974565,2430.547334942596,151.63426208496094,-0.3,-0.3,0.0,-1.5,4.0,0.4,-0.6,-1.635,0.0,-2.0142,0.9213,0.0,1,0.0,4.0,4.0,0.0378855308908198,,-1.0929,-0.3791
alex<agm002140690>,152241,Zr2C,P-3m1,C-Zr,3,0.0561163583333321,,,6.183209301916704e-05,2470.293949306459,135.5138702392578,-0.3,-0.3,0.0,-1.5,4.0,0.3333333333333333,-0.6,-1.7489,0.0,-2.2375,1.1634,0.0,1,0.0,6.0,3.0,0.0379932366627726,1.0,-1.0741,-0.4886
alex<agm003194976>,152243,Zr3C2,R-3m,C-Zr,5,0.0216614517499991,,,0.0004197019257796,2430.547334942596,152.9936981201172,-0.3,-0.3,0.0,-1.5,4.0,0.4,-0.6,-1.6612,0.0,-2.0457,0.9507,0.0,1,0.0,4.0,4.0,0.0379362992967996,,-1.095,-0.3844
alex<agm003202188>,152240,Zr2C,Cmcm,C-Zr,6,0.072996943333333,,,-1.822966077133629e-08,2470.293949306459,136.36485290527344,-0.3,-0.3,0.0,-1.5,4.0,0.3333333333333333,-0.6,-1.1284,0.0,-3.795,3.0586,0.0,1,0.0,5.0,3.0,0.0383782332070882,2.0,-0.7364,-2.6666
alex<agm002140691>,152238,Zr2C,Pnma,C-Zr,12,0.0495152933333322,,,2.6569556007572415e-07,2470.293949306459,137.78224182128906,-0.3,-0.3,0.0,-1.5,4.0,0.3333333333333333,-0.6,-1.4066,0.0,-2.5761,1.8658,0.0,1,0.0,5.0,3.0,0.0385764879140696,2.0,-0.7103,-1.1695
alex<agm003163152>,152245,Zr3C,R-3m,C-Zr,4,0.0762386637499989,,,0.0004637937432791,2511.7115947167963,129.50045776367188,-0.3,-0.3,0.0,-1.5,4.0,0.25,-0.6,-1.7968,0.0,-2.2056,1.1528,0.0,1,0.0,2.0,2.0,0.0396577775419723,,-1.0528,-0.4089
alex<agm003290137>,152246,Zr4C3,C2/m,C-Zr,7,0.0900643617857124,,,-1.2544868248775e-07,2411.269377227488,163.1639862060547,-0.3,-0.3,0.0,-1.5,4.0,0.4285714285714285,-0.6,-0.2097,0.0,-1.943,0.9795,0.0,1,0.0,4.5,4.5,0.0380147523054747,,-0.9635,-1.7333
alex<agm002139793>,152244,Zr6C5,C2/m,C-Zr,11,0.0,,,7.846344335690914e-05,2392.372622541252,177.4937744140625,-0.3,-0.3,0.0,-1.5,4.0,0.4545454545454545,-0.6,-1.0285,0.0,-2.3373,1.0168,0.0,1,0.0,5.0,5.0,0.0377527573417068,,-1.3205,-1.3088
mp-29981,156811,Nb7(BC)4,Immm,B-C-Nb,15,0.0,0.0,,0.0003403287278721,7865.823825758415,287.4200439453125,-0.15,-0.15,0.0,-1.2,4.2,0.2666666666666666,-0.45,0.0863,0.5,0.2752,0.2513,0.0,1,0.0,14.857142857142858,3.4285714285714284,0.0420323494347899,3.0,0.5265,-0.2752
mp-29980,156810,Nb4B3C2,Cmcm,B-C-Nb,18,0.0,0.0,,,7819.056955532976,289.96148681640625,-0.15,-0.15,0.0,-1.2,4.111111111111111,0.2222222222222222,-0.45,0.0932,0.5,0.2477,0.2602,0.0,1,0.0,15.25,3.0,0.0411100960640898,3.0,0.5079,-0.2477
mp-4472,160194,BMo2C,Cmcm,B-C-Mo,8,0.0487922759374974,0.0,317.0871520164444,-6.089048818003976e-05,4865.314759966967,327.348876953125,0.0,0.0,1.0,-0.6,4.75,0.25,-0.3,0.0762,0.25,0.2791,-0.0743,0.0,1,0.0,17.5,3.0,0.0475781279776658,3.0,0.2048,-0.2791
alex<agm001268381>,276394,VMoC,P3m1,C-Mo-V,3,0.0581893817592611,,,6.579311289988855e-06,4328.018933591454,260.0758972167969,-0.05,0.0,0.5,-1.0,5.0,0.3333333333333333,-0.375,-1.6898,0.0,9.9085,-10.7389,0.6931471805599453,2,0.0,15.0,3.0,0.0565232930095302,2.0,-0.8304,-9.9085
alex<agm002202081>,276393,V2Mo2C3,C2/m,C-Mo-V,7,0.0551554106746046,,,3.360873921604197e-06,4188.607562695746,274.084716796875,-0.05,0.0,0.5,-1.0,4.857142857142857,0.4285714285714285,-0.375,-1.4441,0.0,8.1449,-8.8161,0.6931471805599453,2,0.0,16.5,4.5,0.0531153523335627,2.0,-0.6712,-8.1449
alex<agm002258299>,285760,V2W2C3,C2/m,C-V-W,7,0.0995075917460308,,,4.353172330903995e-06,3847.826551325359,311.3267822265625,-0.025,0.05,0.5,-0.95,4.857142857142857,0.4285714285714285,-0.325,-1.7208,0.0,9.495,-10.2987,0.6931471805599453,2,0.0,16.5,4.5,0.0532172655723278,3.0,-0.8037,-9.495
alex<agm005117853>,337949,HfMoC2,R3m,C-Hf-Mo,4,0.0784960834374999,,,-1.308535476070685e-05,3298.9180147923576,248.10888671875,-0.15,0.0,0.5,-1.075,4.5,0.5,-0.4499999999999999,-1.8201,0.0,-2.9554,1.6661,0.6931471805599453,2,0.0,16.0,6.0,0.0433505210526419,0.0,-1.2893,-1.1353
alex<agm001954505>,337948,HfMoC2,R-3m,C-Hf-Mo,4,0.086209858437499,,,-4.6055736926964655e-08,3298.9180147923576,271.4954528808594,-0.15,0.0,0.5,-1.075,4.5,0.5,-0.4499999999999999,-0.0038,0.75,-0.4544,-0.4492,0.6931471805599453,2,0.0,18.0,6.0,0.0438626067558785,3.0,-0.9036,-0.4505
alex<agm004853860>,392051,HfZr(TiC2)2,P2/m,C-Hf-Ti-Zr,8,0.056649722187501,,,2.8757939883069427e-05,2124.478222973764,221.27838134765625,-0.275,-0.25,0.0,-1.5125,4.0,0.5,-0.575,-0.7659,0.0,-1.3888,0.9302,1.039720770839918,3,0.0,12.0,6.0,0.0432174022746027,3.0,-0.4586,-0.6229
alex<agm004811163>,392052,Hf2ZrTiC4,P2/m,C-Hf-Ti-Zr,8,0.0492415123437517,,,7.795657101677839e-08,2326.6070443352105,227.07618713378903,-0.2875,-0.25,0.0,-1.525,4.0,0.5,-0.5874999999999999,-0.7131,0.0,-1.0761,0.8314,1.039720770839918,3,0.0,6.0,6.0,0.0410297742855956,,-0.2447,-0.363
alex<agm004853859>,392053,HfZr2TiC4,P2/m,C-Hf-Ti-Zr,8,0.0480588154687513,,,5.076585499559597e-09,2274.3841603264814,222.89015197753903,-0.2875,-0.25,0.0,-1.5125,4.0,0.5,-0.5874999999999999,-0.7096,0.0,-1.1294,0.8402,1.039720770839918,3,0.0,6.0,6.0,0.0406126839496281,,-0.2892,-0.4198
alex<agm002046355>,408705,NbWC,P3m1,C-Nb-W,3,0.0886318300000024,,,0.0001218074468815,5589.7971194334,270.7048645019531,-0.0499999999999999,0.05,0.5,-0.85,5.0,0.3333333333333333,-0.325,-1.7797,0.0,-1.6018,0.6006,0.6931471805599453,2,0.0,15.0,3.0,0.0495827433769376,2.0,-1.0012,0.1779
alex<agm002258290>,408704,Nb2W2C3,C2/m,C-Nb-W,7,0.098352765714285,,,4.614986102085364e-05,5486.100006028585,292.5048828125,-0.0499999999999999,0.05,0.5,-0.85,4.857142857142857,0.4285714285714285,-0.325,-0.1747,0.25,-1.0425,0.4074,0.6931471805599453,2,0.0,15.5,4.5,0.046591313660565,3.0,-0.6351,-0.8677
alex<agm003310872>,425259,Cr3(MoC)2,C2/m,C-Cr-Mo,7,0.0544803910969431,,,0.0001100471941741,4486.617214727916,319.1069641113281,-0.03,0.0,1.0,-0.9,5.428571428571429,0.2857142857142857,-0.36,-1.9765,0.0,0.5377,-1.4259,0.6730116670092565,2,0.0,14.8,3.2,0.0670635089901197,3.0,-0.8882,-0.5377
alex<agm003622448>,425258,Cr2MoC,Cmcm,C-Cr-Mo,8,0.0650401616183025,,,-0.0001325621273158,4439.192678782822,314.92706298828125,-0.0333333333333333,0.0,1.0,-0.9333333333333336,5.5,0.25,-0.3666666666666667,-2.0314,0.0,-0.9086,-0.0485,0.6365141682948128,2,0.0,14.333333333333334,3.0,0.0699998032299218,3.0,-0.9571,0.9086
alex<agm003622442>,431448,Cr2WC,Cmcm,C-Cr-W,8,0.0835005172023795,,,2.779200485021479e-06,4078.420299430135,324.0135192871094,-0.0166666666666666,-0.05,1.0,-0.9,5.5,0.25,-0.3333333333333333,-2.1237,0.0,0.7564,-1.5178,0.6365141682948128,2,0.0,14.333333333333334,3.0,0.0696541473613988,3.0,-0.7614,-0.7564
alex<agm003401833>,440463,Ti(VC)2,R-3m,C-Ti-V,5,0.012912254819442,,,5.231032081076307e-05,2503.2893790347543,224.7032928466797,-0.15,-0.1,0.0,-1.4333333333333331,4.4,0.4,-0.4833333333333334,-1.8389,0.0,-0.5057,-0.3657,0.6365141682948128,2,0.0,16.0,4.0,0.0561590904642033,3.0,-0.8714,0.5057
alex<agm002202026>,440466,TiVC2,P6_3/mmc,C-Ti-V,8,0.0863020887152785,,,0.0113106074538788,2131.394717410012,262.95684814453125,-0.175,-0.1,0.0,-1.45,4.25,0.5,-0.5,-1.7482,0.0,-2.3906,1.2304,0.6931471805599453,2,0.0,18.0,6.0,0.0523682570321792,3.0,-1.1602,-0.6424
alex<agm003559548>,440468,Ti3VC4,Cmmm,C-Ti-V,8,0.0182747356076369,,,1.5217928317128849e-06,1760.1400414617044,273.88494873046875,-0.2125,-0.1,0.0,-1.475,4.125,0.5,-0.525,-0.6687,0.0,-0.5397,0.5154,0.5623351446188083,2,0.0,18.0,6.0,0.0505999279373699,3.0,-0.0243,0.1291
alex<agm002139640>,440465,Ti2VC2,Cmcm,C-Ti-V,10,0.0887090954999987,,,-0.0001236411574773,1982.3804650230904,214.14422607421875,-0.1999999999999999,-0.1,0.0,-1.4666666666666668,4.2,0.4,-0.5166666666666667,-0.9222,0.0,-2.604,2.1989,0.6365141682948128,2,0.0,16.0,4.666666666666667,0.055288269681132,3.0,-0.4051,-1.6818
alex<agm003609745>,440467,TiVC,Pnma,C-Ti-V,12,0.0559114787499996,,,0.0001836799780044,2308.206971355144,180.4920349121093,-0.175,-0.1,0.0,-1.45,4.333333333333333,0.3333333333333333,-0.5,-1.7724,0.0,-2.0607,0.974,0.6931471805599453,2,0.0,14.0,3.0,0.0554024743042168,3.0,-1.0867,-0.2883
alex<agm003655460>,440469,Ti5VC4,C2/m,C-Ti-V,10,0.0867752585624987,,,3.8801767226327984e-05,1714.825314429298,194.5863342285156,-0.225,-0.1,0.0,-1.4833333333333334,4.1,0.4,-0.5333333333333333,0.1296,0.25,-0.812,0.4207,0.4505612088663046,2,0.0,16.0,4.0,0.0508608824205341,3.0,-0.3913,-0.9416
alex<agm003672623>,440470,Ti5VC5,C2/m,C-Ti-V,11,0.0675224349494971,,,1.5075721066969565e-06,1673.1762909256986,223.6326599121093,-0.225,-0.1,0.0,-1.4833333333333334,4.090909090909091,0.4545454545454545,-0.5333333333333333,-1.0815,0.0,-2.4353,1.6092,0.4505612088663046,2,0.0,17.0,5.0,0.050364324260428,3.0,-0.8261,-1.3538
alex<agm003304310>,440472,Ti2V2C3,C2/m,C-Ti-V,7,0.0676261679563463,,,-1.609565111128605e-05,2215.2563395279503,211.96080017089844,-0.175,-0.1,0.0,-1.45,4.285714285714286,0.4285714285714285,-0.5,-0.2233,0.0,-1.2002,0.4721,0.6931471805599453,2,0.0,16.0,4.5,0.0522968113509883,2.0,-0.7281,-0.9769
alex<agm003620686>,440471,TiV2C,Cmcm,C-Ti-V,8,0.0774286971874964,,,-1.52011069804076e-05,2652.033219440816,199.37730407714844,-0.15,-0.1,0.0,-1.4333333333333331,4.5,0.25,-0.4833333333333334,-1.9953,0.0,-2.9962,2.2282,0.6365141682948128,2,0.0,14.333333333333334,3.0,0.0647406600951749,3.0,-0.768,-1.0009
alex<agm003725303>,440464,TiV3C,Pnma,C-Ti-V,20,0.0853594897499991,,,0.0001807228912755,2831.1688830675,196.2562713623047,-0.1375,-0.1,0.0,-1.4249999999999998,4.6,0.2,-0.475,-1.6533,0.0,-1.2658,0.6392,0.5623351446188083,2,0.0,13.25,2.25,0.0656487821229417,3.0,-0.6266,0.3875
alex<agm003563034>,440473,Ti5VC3,C2/m,C-Ti-V,18,0.0323845260416693,,,-5.793779846321537e-05,1759.5403553568617,163.2063751220703,-0.225,-0.1,0.0,-1.4833333333333334,4.111111111111111,0.3333333333333333,-0.5333333333333333,-0.8572,0.0,-1.9483,0.8878,0.4505612088663046,2,0.0,14.0,3.0,0.0519322648586632,3.0,-1.0605,-1.0911
alex<agm003563033>,440474,TiV5C3,C2/m,C-Ti-V,18,0.0463971043055586,,,-0.0001366919355344,2836.946326503972,217.00875854492188,-0.125,-0.1,0.0,-1.4166666666666667,4.555555555555555,0.3333333333333333,-0.4666666666666666,-0.4271,0.0,0.3626,-1.2978,0.4505612088663046,2,0.0,14.0,3.0,0.0579766095087073,3.0,-0.9352,-0.3626
alex<agm001041652>,443622,NbMoC,Fdd2,C-Mo-Nb,12,0.0566927563888874,,,2.013570722007012e-05,6631.897138004794,248.58770751953125,-0.075,0.0,0.5,-0.8999999999999999,5.0,0.3333333333333333,-0.375,-1.5516,0.0,-0.5887,-0.2174,0.6931471805599453,2,0.0,15.0,3.0,0.049949041111549,3.0,-0.8061,0.5887
alex<agm001041635>,445083,TaMoC,C2/m,C-Mo-Ta,6,0.037165964722222,,,-1.4502625003480122e-07,4787.275776848747,253.6641998291016,-0.075,0.0,0.5,-0.8500000000000001,5.0,0.3333333333333333,-0.375,-2.0193,0.0,-0.9771,0.153,0.6931471805599453,2,0.0,15.0,3.0,0.050009051740464,3.0,-0.8241,0.9771
alex<agm002202071>,445082,Ta2Mo2C3,C2/m,C-Mo-Ta,7,0.0343546864285713,,,4.760187292376858e-05,4699.970763360122,280.17022705078125,-0.075,0.0,0.5,-0.8500000000000001,4.857142857142857,0.4285714285714285,-0.375,-0.0429,0.5,-0.8726,0.2463,0.6931471805599453,2,0.0,16.0,4.5,0.0471107433658095,3.0,-0.6263,-0.8297
alex<agm002202072>,443623,Nb2Mo2C3,C2/m,C-Mo-Nb,7,0.0369675760714276,,,1.444074930928914e-06,6453.884202172429,262.4700622558594,-0.075,0.0,0.5,-0.8999999999999999,4.857142857142857,0.4285714285714285,-0.375,-0.1623,0.25,-1.071,0.4926,0.6931471805599453,2,0.0,13.5,4.5,0.0464332775364362,3.0,-0.5784,-0.9087
alex<agm003160102>,445084,TaMoC,P3m1,C-Mo-Ta,3,0.0397481480555548,,,7.621346715000313e-05,4787.275776848747,263.9862365722656,-0.075,0.0,0.5,-0.8500000000000001,5.0,0.3333333333333333,-0.375,-1.6374,0.0,0.9341,-1.638,0.6931471805599453,2,0.0,15.0,3.0,0.0500121183204898,1.0,-0.7039,-0.9341
alex<agm003633077>,445461,Hf2BC,Cmcm,B-C-Hf,8,0.0446247248437501,,,9.266231501444178e-05,2516.511511138576,215.1957855224609,-0.3,-0.3,0.0,-1.55,3.75,0.25,-0.6,-1.4103,0.0,-4.3319,3.6674,0.0,1,0.0,7.5,3.0,0.0386302226247427,3.0,-0.6645,-2.9217
alex<agm004811153>,448588,ZrTa2TiC4,P2/m,C-Ta-Ti-Zr,8,0.029310732499999,,,1.1474130727175805e-06,3779.196602820439,251.14830017089844,-0.2125,-0.15,0.0,-1.3,4.25,0.5,-0.5125,-0.435,0.0,-0.468,0.5545,1.039720770839918,3,0.0,18.0,6.0,0.0435864414694679,3.0,0.0865,-0.0329
alex<agm004811154>,448590,Zr2TaTiC4,P2/m,C-Ta-Ti-Zr,8,0.018874427083336,,,6.266431804236012e-05,3142.8377371688503,231.7286529541016,-0.25,-0.15,0.0,-1.4,4.125,0.5,-0.55,-0.6127,0.0,-0.4523,0.5066,1.039720770839918,3,0.0,6.0,6.0,0.0419327609884939,,0.0543,0.1604
alex<agm004811155>,448589,ZrTa(TiC2)2,P2/m,C-Ta-Ti-Zr,8,0.0372187616666686,,,8.235036571602118e-05,3084.342097202953,234.69192504882807,-0.2375,-0.15,0.0,-1.4,4.125,0.5,-0.5375000000000001,-0.7062,0.0,-0.5772,0.5144,1.039720770839918,3,0.0,18.0,6.0,0.0446785388665866,3.0,-0.0628,0.129
alex<agm004836739>,458157,Hf2TaNbC4,P2/m,C-Hf-Nb-Ta,8,0.0057351785937491,,,1.797825277250978e-07,3886.2638369309457,260.94842529296875,-0.225,-0.15,0.0,-1.35,4.25,0.5,-0.525,-0.3272,0.0,-0.3638,0.5323,1.039720770839918,3,0.0,6.0,6.0,0.0420543924769084,,0.1685,-0.0366
alex<agm004836738>,458158,HfTa(NbC2)2,P2/m,C-Hf-Nb-Ta,8,0.0238483609374995,,,-5.63166003082546e-07,5042.694407677929,272.5910949707031,-0.1875,-0.15,0.0,-1.2625000000000002,4.375,0.5,-0.4875,-0.1707,0.5,0.0407,0.4045,1.039720770839918,3,0.0,6.0,6.0,0.0429897711256179,,0.4452,-0.0407
alex<agm004836740>,458159,HfTa2NbC4,P2/m,C-Hf-Nb-Ta,8,0.0071050054687518,,,-4.499488760508607e-07,4465.896306448045,274.8908996582031,-0.1875,-0.15,0.0,-1.2375,4.375,0.5,-0.4875,-0.0771,0.25,-0.0267,0.3889,1.039720770839918,3,0.0,16.0,6.0,0.0431605636356923,3.0,0.3622,0.0267
alex<agm002258282>,460790,Hf2W2C3,C2/m,C-Hf-W,7,0.0444323728571429,,,7.335770749717987e-07,3322.22202649403,242.7348175048828,-0.125,0.05,0.5,-1.025,4.571428571428571,0.4285714285714285,-0.4,-0.1553,0.5,-1.2646,0.4614,0.6931471805599453,2,0.0,12.5,4.5,0.0446622266978003,2.0,-0.8032,-1.1094
alex<agm003453174>,488683,V4BC2,Cmcm,B-C-V,14,0.0529720183630981,,,-3.0204434874849376e-07,3044.60172406856,248.63902282714844,-0.1,-0.1,0.0,-1.4,4.428571428571429,0.2857142857142857,-0.45,-1.463,0.0,-1.6158,0.8699,0.0,1,0.0,16.5,3.0,0.0573956007231437,3.0,-0.7459,-0.1528
alex<agm003477595>,488682,V5B2C,I4/mcm,B-C-V,16,0.0870831134374992,,,6.135500221159963e-07,3174.2186833469627,249.7567138671875,-0.1,-0.1,0.0,-1.4,4.375,0.125,-0.45,-1.9806,0.0,-0.4456,-0.5885,0.0,1,0.0,15.6,2.0,0.0626710953107722,3.0,-1.0341,0.4456
alex<agm003578089>,488684,V6BC3,P2_1/m,B-C-V,20,0.053404225104165,,,0.0004457581502918,3060.620791217732,245.79364013671875,-0.1,-0.1,0.0,-1.3999999999999997,4.5,0.3,-0.45,-1.0051,0.0,-0.5257,0.7045,0.0,1,0.0,15.5,3.1666666666666665,0.05911101708723,3.0,0.1788,0.4794
alex<agm003562789>,499154,HfNb3C4,Pm-3m,C-Hf-Nb,8,0.029666042499997,,,-7.431370229270119e-07,5820.509728275363,280.4022827148437,-0.1875,-0.15,0.0,-1.2875,4.375,0.5,-0.4875,-0.3177,0.0,-0.2556,0.5997,0.5623351446188083,2,0.0,6.0,6.0,0.0428321050678393,,0.3441,0.0621
alex<agm003305486>,499155,Hf2Nb2C3,C2/m,C-Hf-Nb,7,0.0063114014285741,,,3.0644789615312734e-07,4459.580982751846,210.26963806152344,-0.2249999999999999,-0.15,0.0,-1.375,4.285714285714286,0.4285714285714285,-0.525,-0.212,0.0,-1.3988,0.4877,0.6931471805599453,2,0.0,8.5,4.5,0.0421234221543748,2.0,-0.9111,-1.1868
alex<agm003660399>,499156,Hf4NbC5,I4/m,C-Hf-Nb,10,0.0,,,5.795377919128169e-05,3118.9720715598314,250.2657928466797,-0.2699999999999999,-0.15,0.0,-1.48,4.1,0.5,-0.5700000000000001,-0.9792,0.0,-2.3184,1.8501,0.5004024235381879,2,0.0,6.0,6.0,0.0406123189572153,,-0.4683,-1.3392
alex<agm003424579>,499158,Hf2NbC3,Immm,C-Hf-Nb,6,0.0018240152083315,,,4.054005951407257e-05,3629.7038836637785,255.31655883789065,-0.25,-0.15,0.0,-1.4333333333333331,4.166666666666667,0.5,-0.5499999999999999,0.0165,0.25,-3.1281,2.6825,0.6365141682948128,2,0.0,6.0,6.0,0.0410615410853568,,-0.4456,-3.1446
alex<agm003673752>,499157,Hf5NbC5,C2/m,C-Hf-Nb,11,0.0667354054545423,,,4.282039477001019e-05,3030.364409794941,214.1210784912109,-0.2749999999999999,-0.15,0.0,-1.4916666666666665,4.090909090909091,0.4545454545454545,-0.5750000000000001,-1.0109,0.0,-2.5864,1.8057,0.4505612088663046,2,0.0,7.0,5.0,0.0406683606314644,3.0,-0.7807,-1.5754
alex<agm003628808>,506287,Ti2BC,Cmcm,B-C-Ti,8,0.0297750559765628,,,9.692801861128966e-05,1525.0363331328651,218.60011291503903,-0.25,-0.25,0.0,-1.5,3.75,0.25,-0.55,-1.1269,0.0,-3.6082,3.1914,0.0,1,0.0,17.5,3.0,0.0470770031056296,3.0,-0.4168,-2.4812
alex<agm003452103>,506286,Ti4BC2,Cmcm,B-C-Ti,14,0.0682787366294643,,,-3.636135860977451e-07,1502.3459967370804,190.57879638671875,-0.25,-0.25,0.0,-1.5,3.857142857142857,0.2857142857142857,-0.55,-1.0246,0.0,-2.1139,1.1553,0.0,1,0.0,16.5,3.0,0.0491369710545061,3.0,-0.9586,-1.0892
alex<agm004811161>,520939,ZrTi2NbC4,P2/m,C-Nb-Ti-Zr,8,0.0347147668749983,,,0.0001078031198125,3757.0215571369927,238.2185211181641,-0.2375,-0.15,0.0,-1.425,4.125,0.5,-0.5375000000000001,-0.6693,0.0,-0.6002,0.5089,1.039720770839918,3,0.0,18.0,6.0,0.0444040818549597,3.0,-0.0913,0.0691
alex<agm004811160>,520940,Zr2TiNbC4,P2/m,C-Nb-Ti-Zr,8,0.0236239334375003,,,8.599291476389774e-05,3750.831938594237,233.66783142089844,-0.25,-0.15,0.0,-1.425,4.125,0.5,-0.55,-0.7933,0.0,-0.9979,0.698,1.039720770839918,3,0.0,6.0,6.0,0.041747173257875,,-0.2999,-0.2046
alex<agm004853856>,520938,ZrTi(NbC2)2,P2/m,C-Nb-Ti-Zr,8,0.0280430909765616,,,4.681502159962551e-07,5290.15011694973,250.3218536376953,-0.2125,-0.15,0.0,-1.35,4.25,0.5,-0.5125,-0.6118,0.0,-0.5218,0.5417,1.039720770839918,3,0.0,12.0,6.0,0.0432471331483396,2.0,0.0199,0.09
alex<agm003742557>,521397,Ta4BC,P2/m,B-C-Ta,6,0.0835445162500008,,,-4.522609470395747e-05,4690.282132963035,242.17059326171875,-0.15,-0.15,0.0,-1.1,4.5,0.1666666666666666,-0.45,-1.9845,0.0,-3.1754,2.2103,0.0,1,0.0,15.0,1.5,0.0464035856396322,2.0,-0.9651,-1.1909
alex<agm003633076>,521398,Ta2BC,Cmcm,B-C-Ta,8,0.0338514300000003,,,6.346310817907059e-05,4587.072804026103,288.1863708496094,-0.15,-0.15,0.0,-1.1,4.25,0.25,-0.45,-1.3964,0.0,-3.8946,3.0722,0.0,1,0.0,15.5,3.0,0.0435297482678811,3.0,-0.8224,-2.4982
alex<agm003453173>,521396,Ta4BC2,Cmcm,B-C-Ta,14,0.0649217464285722,,,0.0003736230519804,4623.940668783552,265.1660461425781,-0.15,-0.15,0.0,-1.1,4.428571428571429,0.2857142857142857,-0.45,-1.6763,0.0,-2.1345,1.2445,0.0,1,0.0,13.5,3.0,0.0454440114026191,3.0,-0.89,-0.4583
alex<agm004780984>,522039,Hf2ZrNbC4,P2/m,C-Hf-Nb-Zr,8,0.0049623606249991,,,5.796562015894934e-05,3406.4620409924632,241.8126983642578,-0.2624999999999999,-0.15,0.0,-1.45,4.125,0.5,-0.5625,-0.7776,0.0,-0.8722,0.8816,1.039720770839918,3,0.0,6.0,6.0,0.0403351333371809,,0.0094,-0.0946
alex<agm003633078>,533506,Zr2BC,Cmcm,B-C-Zr,8,0.0595975960937504,,,7.754161295365327e-07,2445.524838785266,187.3547821044922,-0.3,-0.3,0.0,-1.5,3.75,0.25,-0.6,-1.0559,0.0,-1.949,1.4239,0.0,1,0.0,7.0,3.0,0.0366627011332541,3.0,-0.5251,-0.8931
alex<agm004836741>,536119,ZrTa(NbC2)2,P2/m,C-Nb-Ta-Zr,8,0.0305483521875018,,,0.0001223802090805,5463.944627192548,264.505126953125,-0.1875,-0.15,0.0,-1.25,4.375,0.5,-0.4875,-0.1522,0.25,-0.1915,0.4526,1.039720770839918,3,0.0,6.0,6.0,0.0424654812347805,,0.2611,-0.0393
alex<agm004836742>,536117,Zr2TaNbC4,P2/m,C-Nb-Ta-Zr,8,0.0044848350000012,,,0.0001097077809021,4331.384088504803,244.06460571289065,-0.225,-0.15,0.0,-1.325,4.25,0.5,-0.525,-0.4401,0.0,-0.4447,0.5216,1.039720770839918,3,0.0,6.0,6.0,0.0410525396482066,,0.0769,-0.0046
alex<agm004836743>,536118,ZrTa2NbC4,P2/m,C-Nb-Ta-Zr,8,0.01173058671875,,,-6.665592001318691e-07,4739.987907800736,267.88299560546875,-0.1875,-0.15,0.0,-1.225,4.375,0.5,-0.4875,-0.1195,0.25,-0.0473,0.4911,1.039720770839918,3,0.0,6.0,6.0,0.0426597888790991,,0.4438,0.0473
alex<agm004861901>,539495,HfZr(TaC2)2,P2/m,C-Hf-Ta-Zr,8,0.0055273262500001,,,0.0001004722008092,3622.994442925368,252.5625915527344,-0.2249999999999999,-0.15,0.0,-1.3125,4.25,0.5,-0.525,-0.138,0.25,-0.3214,0.4929,1.039720770839918,3,0.0,6.0,6.0,0.0417403699414342,,0.1715,-0.1834
alex<agm004780891>,539496,Hf2ZrTaC4,P2/m,C-Hf-Ta-Zr,8,0.0063290531250004,,,9.757279648195406e-05,3038.86265615672,239.95790100097656,-0.2624999999999999,-0.15,0.0,-1.4249999999999998,4.125,0.5,-0.5625,-0.6899,0.0,-0.7473,0.8059,1.039720770839918,3,0.0,6.0,6.0,0.0405632195359815,,0.0586,-0.0574
alex<agm004775047>,547937,Ta2TiVC4,P2/m,C-Ta-Ti-V,8,0.0431766468576384,,,-0.0001375786350829,3952.6702090425833,284.6776123046875,-0.1625,-0.1,0.0,-1.275,4.375,0.5,-0.475,-0.2346,0.0,0.0321,0.2738,1.039720770839918,3,0.0,18.0,6.0,0.0477148576294506,3.0,0.3059,-0.0321
alex<agm004775048>,547938,TaTi2VC4,P2/m,C-Ta-Ti-V,8,0.0436114712326336,,,1.5713648418879e-05,3244.760345474804,273.1400451660156,-0.1875,-0.1,0.0,-1.375,4.25,0.5,-0.5,-0.6099,0.0,-0.3775,0.399,1.039720770839918,3,0.0,18.0,6.0,0.0490285441988624,3.0,0.0215,0.2324
alex<agm004811151>,548912,Hf2TaTiC4,P2/m,C-Hf-Ta-Ti,8,0.016413469999998,,,5.283613809739365e-05,2993.363259817562,241.3230743408203,-0.25,-0.15,0.0,-1.425,4.125,0.5,-0.55,-0.414,0.0,-0.4335,0.5384,1.039720770839918,3,0.0,6.0,6.0,0.0429789222558028,,0.1049,-0.0195
alex<agm004811152>,548914,HfTa(TiC2)2,P2/m,C-Hf-Ta-Ti,8,0.0261554125000014,,,-1.4505517854369367e-06,3000.34892463789,235.34011840820312,-0.2375,-0.15,0.0,-1.4125,4.125,0.5,-0.5375000000000001,-0.6613,0.0,-0.5135,0.4936,1.039720770839918,3,0.0,18.0,6.0,0.0452590260721086,3.0,-0.0199,0.1478
alex<agm004811150>,548913,HfTa2TiC4,P2/m,C-Hf-Ta-Ti,8,0.0175650112499994,,,-1.5595746330587916e-06,3617.473376680484,253.890869140625,-0.2125,-0.15,0.0,-1.3125,4.25,0.5,-0.5125,-0.3825,0.0,-0.4162,0.5504,1.039720770839918,3,0.0,18.0,6.0,0.0441180942664496,3.0,0.1342,-0.0337
alex<agm004811158>,549214,Hf2TiNbC4,P2/m,C-Hf-Nb-Ti,8,0.0188783494140629,,,5.716751094909492e-05,3382.8245994686145,243.9937286376953,-0.25,-0.15,0.0,-1.45,4.125,0.5,-0.55,-0.6312,0.0,-0.5494,0.6098,1.039720770839918,3,0.0,6.0,6.0,0.0427868504756034,,0.0604,0.0818
alex<agm004811157>,549215,HfTi(NbC2)2,P2/m,C-Hf-Nb-Ti,8,0.0174766937890584,,,-1.5332481374228102e-08,4780.040961941586,256.8017272949219,-0.2125,-0.15,0.0,-1.3624999999999998,4.25,0.5,-0.5125,-0.6113,0.0,-0.4661,0.5246,1.039720770839918,3,0.0,18.0,6.0,0.0438070896403367,3.0,0.0585,0.1452
alex<agm004811159>,549216,HfTi2NbC4,P2/m,C-Hf-Nb-Ti,8,0.0230303663281254,,,6.645823183006208e-05,3513.825107874261,240.81515502929688,-0.2375,-0.15,0.0,-1.4375,4.125,0.5,-0.5375000000000001,-0.734,0.0,-0.8833,0.8097,1.039720770839918,3,0.0,18.0,6.0,0.0450091305638743,3.0,-0.0736,-0.1494
alex<agm001277369>,570639,NbVC,P3m1,C-Nb-V,3,0.0752777354166678,,,-2.6239186715363612e-08,6395.429715835983,212.944580078125,-0.125,-0.1,0.0,-1.2999999999999998,4.666666666666667,0.3333333333333333,-0.45,-2.0198,0.0,-1.7241,0.6398,0.6931471805599453,2,0.0,15.0,3.0,0.0524783734450753,2.0,-1.0843,0.2957
alex<agm003402039>,570638,Nb(VC)2,R-3m,C-Nb-V,5,0.0644746034861079,,,6.608060003980097e-07,5374.456614980304,236.40985107421875,-0.1166666666666666,-0.1,0.0,-1.3333333333333333,4.6,0.4,-0.45,-1.6153,0.0,-1.8929,1.1085,0.6365141682948128,2,0.0,16.0,4.0,0.0531479358284325,3.0,-0.7844,-0.2776
alex<agm003305485>,570637,Nb2V2C3,C2/m,C-Nb-V,7,0.0038956160515866,,,-1.2451567971313812e-05,6176.702054620816,238.9089813232422,-0.125,-0.1,0.0,-1.2999999999999998,4.571428571428571,0.4285714285714285,-0.45,-0.1204,0.25,-1.0228,0.4074,0.6931471805599453,2,0.0,16.0,4.5,0.0492984974697181,3.0,-0.6154,-0.9023
alex<agm003622445>,570640,NbV2C,Cmcm,C-Nb-V,8,0.0373683683333325,,,-0.0002368130098968,5657.559194367816,224.7341461181641,-0.1166666666666666,-0.1,0.0,-1.3333333333333333,4.75,0.25,-0.45,-2.0544,0.0,-3.116,2.3315,0.6365141682948128,2,0.0,14.333333333333334,3.0,0.0623017248614733,3.0,-0.7845,-1.0616
alex<agm003560427>,582151,Hf3TaC4,Cmmm,C-Hf-Ta,8,0.0,,,-2.3400502309079162e-07,2988.7648688484546,249.9701690673828,-0.2624999999999999,-0.15,0.0,-1.4375,4.125,0.5,-0.5625,-0.5973,0.0,-0.4319,0.5481,0.5623351446188083,2,0.0,6.0,6.0,0.0410535128341924,,0.1162,0.1654
alex<agm001414239>,582154,HfTaC,P3m1,C-Hf-Ta,3,0.0758219861111104,,,0.0114206182832497,3603.807487970475,196.9569702148437,-0.2249999999999999,-0.15,0.0,-1.3250000000000002,4.333333333333333,0.3333333333333333,-0.525,-2.0854,0.0,-2.1037,1.1205,0.6931471805599453,2,0.0,15.0,3.0,0.0442218346930544,0.0,-0.9832,-0.0183
alex<agm003660398>,582152,Hf4TaC5,I4/m,C-Hf-Ta,10,0.0,,,2.8346413562440027e-05,2884.799984267427,248.2737579345703,-0.2699999999999999,-0.15,0.0,-1.4600000000000002,4.1,0.5,-0.5700000000000001,-0.8736,0.0,-2.4115,1.808,0.5004024235381879,2,0.0,6.0,6.0,0.0407850328109761,,-0.6035,-1.5379
alex<agm003658521>,582153,Hf5TaC4,C2/m,C-Hf-Ta,10,0.0841653026250011,,,0.0022782493693459,2865.0121948492188,195.97247314453125,-0.2749999999999999,-0.15,0.0,-1.475,4.1,0.4,-0.5750000000000001,0.1743,0.25,-1.5831,1.0962,0.4505612088663046,2,0.0,8.0,4.0,0.0411892973432836,3.0,-0.4869,-1.7574
alex<agm005008812>,597051,ZrCr2BC,Cmcm,B-C-Cr-Zr,10,0.0943061195000005,,,0.0003549552934579,3169.9891165710173,205.44305419921875,-0.1333333333333333,-0.05,0.5,-1.2333333333333334,4.6,0.2,-0.4666666666666666,-0.9489,0.0,4.5056,-5.2244,0.6365141682948128,2,0.0,13.666666666666666,2.0,0.0528306862630852,3.0,-0.7188,-4.5056
alex<agm003725636>,604118,ZrV3C,Pnma,C-V-Zr,20,0.0899242067500001,,,0.0002481370431066,2978.9636537175784,195.8025665283203,-0.15,-0.1,0.0,-1.4249999999999998,4.6,0.2,-0.4875,-1.809,0.0,-3.2133,2.2226,0.5623351446188083,2,0.0,12.75,2.25,0.0607653101788046,3.0,-0.9907,-1.4043
